PASS	motorcycle	ok  ink 32.6%  edge 0.02  fill 0.57
FAIL	union-jack-flag	covers the whole shirt (79.0%)
PASS	fist-bump	ok  ink 29.3%  edge 0.01  fill 0.72
PASS	motorcycle-rider	ok  ink 49.4%  edge 0.07  fill 0.58
PASS	skull-with-dripping-effect	ok  ink 22.4%  edge 0.09  fill 0.45
PASS	unicorn-with-rainbow	ok  ink 41.3%  edge 0.02  fill 0.51
PASS	lion-face	ok  ink 73.2%  edge 0.01  fill 0.77
PASS	dotted-stick-figure-kicking	ok  ink 66.8%  edge 0.01  fill 0.79
PASS	monkey-wearing-aviator-hat	ok  ink 46.3%  edge 0.01  fill 0.73
PASS	raised-fist	ok  ink 30.4%  edge 0.01  fill 0.56
FAIL	middle-finger	prints as a rectangle (fill 0.87)
PASS	eagle	ok  ink 37.3%  edge 0.02  fill 0.47
PASS	man-riding-motorcycle	ok  ink 37.9%  edge 0.02  fill 0.59
PASS	silhouette-of-a-person	ok  ink 37.1%  edge 0.02  fill 0.54
PASS	caravan	ok  ink 46.3%  edge 0.01  fill 0.70
PASS	boxing-gloves	ok  ink 72.7%  edge 0.01  fill 0.75
PASS	eagle-with-crown	ok  ink 54.1%  edge 0.02  fill 0.61
PASS	man-playing-guitar	ok  ink 43.5%  edge 0.02  fill 0.47
FAIL	queen-elizabeth-ii-with-union-jack	covers the whole shirt (76.3%)
PASS	lightning-bolt	ok  ink 30.5%  edge 0.03  fill 0.34
PASS	game-controller	ok  ink 28.9%  edge 0.01  fill 0.77
PASS	mini-cooper	ok  ink 54.9%  edge 0.01  fill 0.75
PASS	tiger	ok  ink 38.0%  edge 0.09  fill 0.51
PASS	bicycle	ok  ink 37.9%  edge 0.02  fill 0.52