keyword,listings,units_vs_average,verdict
funny,"35,074 listings",2.12x catalogue average,11% from top 3 - solid. ALWAYS in the title
tee,"8,768",2.70x,"12% - solid, used as tail keyword"
top,"21,209",2.51x,"16% - solid, used as tail keyword"
mens,"114,876",1.29x,6% - solid
dad,"2,305",1.61x,20% - solid
retro,"1,702",6.52x,"21% - solid but niche-bound, not forced"
cotton,"68,723",0.40x,2% from top 3 - solid. REMOVED from all titles
womens,"17,810",0.18x,"19% - solid. store is mens, excluded"
ringer / fotl / organic / petite,"8,559-12,752 each",0.03-0.06x,"garment variants, not this product. removed"
birthday,"18,845",0.81x,BELOW average - used only on real birthday designs
christmas,"8,415",0.57x,BELOW average - not used as filler
vintage,"6,091",0.83x,BELOW average - not used as filler
gift,597,15.24x,"thin sample. kept for search coverage, not claimed as a lift"
unisex,144,36.50x,"thin sample, 38% from top 3 - NOT acted on"
novelty,25,3.13x,"88% from ONE listing - OUTLIER, not acted on"
racer / cafe / chopper,573-675 each,15-18x,"56-78% from 3 listings each - that is the biker niche selling, NOT the word"
tattoo,545,10.13x,"53% from top 3 - outlier-driven, not acted on"
