template,distinct_fillers,designs,units_explained,top_fillers
THIS IS WHAT {X} LOOKS LIKE,175,336,4446,AN AWESOME COACH | AN AWESOME TEACHER | 50 AND AWESOME | AN AWESOME DAD | 70 AND AWESOME | AN AWESOME ARCHER | AN UNCLE NOB HEAD | AN AWESOME CHEF | 60 AND AWESOME | AN AWESOME CYCLIST | AN AWESOME BOSS | AN AWESOME TREE SURGEON | AN AWESOME RUGBY PLAYER | A RETIRED LORRY DRIVER | AN AWESOME LORRY DRIVER
ORIGINAL PARTS VINTAGE AGED TO PERFECTION {X} PREMIUM QUALITY,132,361,3864,1965 100 AUTHENTIC GUARANTEED | 1966 100 AUTHENTIC GUARANTEED | 1974 100 AUTHENTIC GUARANTEED | 1962 100 AUTHENTIC GUARANTEED | 1964 100 AUTHENTIC GUARANTEED | 1968 100 AUTHENTIC GUARANTEED | 1961 100 AUTHENTIC GUARANTEED | 1951 100 AUTHENTIC GUARANTEED | 1972 100 AUTHENTIC GUARANTEED | 1983 100 AUTHENTIC GUARANTEED | 1977 100 AUTHENTIC GUARANTEED | 1976 100 AUTHENTIC GUARANTEED | 1947 100 AUTHENTIC GUARANTEED | 2005 100 AUTHENTIC GUARANTEED | 1959 100 AUTHENTIC GUARANTEED
USCSS NOSTROMO {X},4,12,2944,180286 WEYLAND YUTANI CORPORATION | 190286 WEYLAND YUTANI CORPORATION | 180286 WEYLAND YOUNG CORPORATION | 180286 WEYLAND YTANAI CORPORATION
NEVER UNDERESTIMATE AN OLD MAN {X},23,137,2374,WITH A MOTORBIKE | WITH A GUITAR | WITH A TRACTOR | WITH A DRUM KIT | WITH A MOTORCYCLE | THAT SCUBA DIVES | WITH A POOL CUE | WITH A BICYCLE | ON A BICYCLE | WITH A KAYAK | WITH A RUGBY BALL | WITH A CANOE | WITH A BOAT | WITH STICKY SHOES | WITH GOLF CLUBS
PREMIUM QUALITY VINTAGE {X} AGED TO PERFECTION ALL ORIGINAL PARTS LIMITED EDITION 100 GENUINE,59,155,2140,1965 | 1956 | 1961 | 1971 | 1968 | 1945 | 1986 | 1955 | 1964 | 1975 | 1972 | 1966 | 1978 | 1969 | 1991
PROPERTY OF MY AWESOME {X},28,107,1681,WIFE FOR 2 YEARS | WIFE FOR 10 YEARS | WIFE FOR 12 YEARS | WIFE FOR 9 YEARS | WIFE FOR 7 YEARS | WIFE FOR 15 YEARS | WIFE FOR 8 YEARS | WIFE FOR 30 YEARS | WIFE FOR 25 YEARS | FIANCE | WIFE | WIFE FOR 50 YEARS | WIFE FOR 14 YEARS | WIFE FOR ONE YEAR | WIFE FOR 4 YEARS
{X} I'D RATHER SHOVE WASPS UP MY ARSE,33,82,1583,SELL MY BIKE | GIVE UP POOL | GIVE UP DARTS | SELL MY TRACTOR | SELL MY GUITARS | SELL MY BOAT | SELL MY CARAVAN | SELL MY PIANO | GIVE UP CYCLING | GIVE UP RUGBY | GIVE UP SKYDIVING | SELL MY SHOTGUN | GIVE UP ARCHERY | SELL MY CAR | SELL MY DRUMS
I AM {X},19,46,1548,39 MIDDLE FINGER | 49 MIDDLE FINGER | 59 MIDDLE FINGER | 20 MIDDLE FINGER | 29 MIDDLE FINGER | 6 MAGICAL | A VIKING | 69 FINGER | A SWINGER | 4 MAGICAL | 5 MAGICAL | 17 MIDDLE FINGER | 69 MIDDLE FINGER | NOTHING WITHOUT YOU | 8 MAGICAL
WARNING MAY SPONTANEOUSLY START TALKING ABOUT {X},8,43,1501,MOTORBIKES | FISHING | TRACTORS | CYCLING | ANIME | GUITARS | RUGBY | GOLF
WEEKEND FORECAST {X} OF DRINKING,12,58,1479,CARAVANNING WITH A CHANCE | CAMPING WITH A CHANCE | BBQ WITH A CHANCE | FISHING WITH A CHANCE | MUSIC WITH A CHANCE | CYCLING WITH A CHANCE | MOTORBIKES WITH A CHANCE | GOLF WITH A CHANCE | RUGBY WITH A CHANCE | FISHING WITH CHANGE | HUNTING WITH A CHANCE | FISHING WITH A CHANGE
{X} BEST FRIENDS FOR LIFE,32,114,1341,GRANDAD GRANDDAUGHTER | DADDY AND DAUGHTER | DAD AND SON | DADDY AND DAUGHTERS | FATHER AND SON | FATHER AND SONS | DADDY DAUGHTER | GRANDAD GRANDSON | DAD AND DAUGHTER | UNCLE NEPHEWS | DAD DAUGHTERS | UNCLE NIECE | UNCLE AND NEPHEW | GRANDAD GRANDDAUGHTERS | UNCLE AND NIECES
THE BIRTH OF LEGENDS {X} VINTAGE GUARANTEED AGED TO PERFECTION,43,60,1187,2007 EST 100 PREMIUM | 1965 EST 100 PREMIUM | 1985 EST 100 PREMIUM | 1977 EST 100 PREMIUM | 1996 EST 100 PREMIUM | 1967 EST 100 PREMIUM | 1955 EST 100 PREMIUM | 1958 EST 100 PREMIUM | 1968 EST 100 PREMIUM | 1964 EST 100 PREMIUM | 1969 EST 100 PREMIUM | 1976 EST 100 PREMIUM | 1973 EST 100 PREMIUM | 1953 EST 100 PREMIUM | 1999 EST 100 PREMIUM
MICK'S GYM 1976 TRAINING EST {X},6,29,1185,MCMXLXY PHILADELPHIA PA | MCMXLV PHILADELPHIA PA | MCMLXY PHILADELPHIA PA | MCMLXXVI PHILADELPHIA PA | MCMXXV PHILADELPHIA PA | MCMXXY PHILADELPHIA PA
{X} MUAY THAI,6,24,1080,THAILAND MADE | TIGER | YENYEN | KRU LOM THAI | YEN | MUNU
LEVEL {X} UNLOCKED,46,83,781,40 | 8 | 10 | 18 | 21 | 50 | 30 | 7 | 11 | 20 | 6 | 9 | 12 | 16 | 5
YOU CAN'T SCARE ME {X},8,16,692,I'VE GOT TWO DAUGHTERS | I HAVE FOUR DAUGHTERS | I'VE GOT THREE DAUGHTERS | I HAVE GRANDKIDS | I'VE GOT A DAUGHTER | MY WIFE IS PREGNANT | I HAVE TWINS | I HAVE A DAUGHTER
ALL MEN ARE BORN EQUAL THE BEST ARE BORN TO BE {X},7,37,661,ENGLISHMEN | SCOTSMEN | WELSHMEN | IRISHMEN | AMERICAN | CANADIAN | AUSTRALIAN
TVR MEDIUM {X},4,5,656,ROARING BACK | TVR SPIRIT OF DRIVING | SPIRIT OF DRIVING TVR | TUSCAN SPIRIT OF DRIVING
YES I HAVE A RETIREMENT PLAN I PLAN {X},10,62,615,ON CYCLING | TO RIDE | ON FISHING | ON SAILING | ON KAYAKING | ON OFF ROADING | ON PLAYING RUGBY | ON PLAYING THE GUITAR | ON PLAYING TENNIS | TO SKYDIVE
I DON'T SNORE I DREAM {X},4,26,597,I AM MOTORCYCLE | I AM A MOTORCYCLE | I'M A MOTORCYCLE | I'M A TRACTOR
THE LEGEND {X},4,12,562,OF THE DRAGON | DE THE DRAGON | HAS RETIRED | THE DRAGON
PURE FANTASY {X} NORMAL,4,85,548,ANYTHING BUT | ANYTHING OUT | SINCE 18 ANYTHING BUT | VOODOO ANYTHING BUT
THIS IS {X},9,22,538,HOW I ROLL | MY HANDSTAND T SHIRT | MY LUCKY FISHING SHIRT | MY CHRISTMAS JUMPER | MY EASTER PAJAMA SHIRT | DOUBLE BOO SHEET | MY CHRISTMAS PIJMA SHIRT | NOT A FOOD BELLY | MY LUCKY SKYDIVING SHIRT
HOME IS WHERE {X},5,16,439,YOU MOOR IT | YOU PARK IT | YOUR CAT IS | MY TENT IS | MY PLANTS ARE
NEVER UNDERESTIMATE OLD MAN WITH {X},10,37,395,A DARTBOARD | A BOW ARROW | BOXING GLOVES | A BOWLING BALL | A BOAT | A TENNIS RACKET | A CRICKET BAT | STICKY SHOES | A GUITAR | A DRUM KIT
{X} ON THE BRAIN,9,44,384,TRAINS | DRUMMING | CYCLING | RUGBY | CRICKET | BIKES | FOOTBALL | SCUBA DIVING | BEER
BLOOD SWEAT {X},5,29,377,RUGBY AND BEERS | AND GEARS | GEARS | BIKES AND BEERS | 13 AND GEARS
AGED TO PERFECTION PREMIUM {X} 100 AUTHENTIC GUARANTEED,20,22,336,2000 VINTAGE QUALITY GENUINE | 1959 VINTAGE QUALITY GENUINE | 1980 VINTAGE QUALITY GENUINE | 1960 VINTAGE QUALITY GENUINE | 1955 VINTAGE QUALITY GENUINE | 1950 VINTAGE QUALITY GENUINE | 1948 VINTAGE QUALITY GENUINE | 1958 VINTAGE QUALITY GENUINE | 1978 VINTAGE QUALITY GENUINE | 1968 VINTAGE QUALITY GENUINE | 1988 VINTAGE QUALITY GENUINE | 1971 VINTAGE QUALITY GENUINE | 1981 VINTAGE QUALITY GENUINE | 1961 VINTAGE QUALITY GENUINE | 1956 VINTAGE QUALITY GENUINE
SAVE THE {X},6,17,298,CHUBBY UNICORNS | OCEAN STOP THE POLLUTION | NECK FOR ME CLARK | PANGOLINS | PLANET GO VEGAN | FLOATY POTATOES
STRENGTH AND COURAGE JUDO 1882 {X} FAITH POWER,4,12,288,JIGORO KANO HONOR | JUGORO KANO HONOR | JIDORO KANO HONOR | HONOR
VINTAGE {X} ORIGINAL PARTS,75,138,285,MADE IN 1966 | MADE IN 1975 | MADE IN 1979 | MADE IN 1960 | MADE IN 1950 | MADE IN 1967 | MADE IN 1976 | 1956 LIMITED EDITION ALL | MADE IN 1974 | MADE IN 1970 | MADE IN 1971 | MADE IN 1972 | 1987 LIMITED EDITION ALL | MADE IN 1982 | MADE IN 1956
I GOT {X} FOR MY WIFE BEST SWAP EVER,14,68,284,A BIKE | A GUITAR | A CARAVAN | A TRACTOR | DRUMS | A FISHING ROD | A CAMERA | A RUGBY BALL | A POOL TABLE | A BEER | A CRICKET BAT | A FOOTBALL | A TENNIS RACKET | SOME GOLF CLUBS
ALL DOGS WERE CREATED EQUAL THEN GOD MADE {X},38,101,281,JACK RUSSELL | FRENCH BULLDOGS | BULL TERRIERS | GERMAN SHEPHERDS | BULLDOGS | BICHON FRISE | JACK RUSSELL PAW PRINT | DACHSHUNDS | BEAGLES | BOXERS | BASSET HOUNDS | ROTTWEILERS | KING CHARLES SPANIELS | DOBERMANS | CORGIS
CHEERS AND BEERS TO {X},7,43,268,50 YEARS | 70 YEARS | 60 YEARS | 21 YEARS | 40 YEARS | 30 YEARS | 18 YEARS
LEGEND SINCE {X},44,79,261,1978 | 1966 | 1967 | 1962 | 1973 | 1976 | 1961 | 1958 | 1982 | 1972 | 2005 | 1991 | 1975 | 1981 | 1990
THIS IS WHAT AN AWESOME {X} LIKE,84,23,255,COACH LOOKS | TEACHER LOOKS | DAD LOOKS | ARCHER LOOKS | CHEF LOOKS | CYCLIST LOOKS | BOSS LOOKS | TREE SURGEON LOOKS | RUGBY PLAYER LOOKS | LORRY DRIVER LOOKS | VAN DRIVER LOOKS | POSTMAN LOOKS | ELECTRICIAN LOOKS | PLASTERER LOOKS | BUS DRIVER LOOKS
YOU'RE LOOKING AT AN AWESOME {X},92,129,239,SNOOKER PLAYER | POOL PLAYER | SUPERVISER | HANDYMAN | GARDENER | UNCLE | VAN DRIVER | FARMER | BASKETBALL PLAYER | FLORIST | NURSE | DAD | RUGBY PLAYER | BOXER | HORSE RIDER
EAT SLEEP {X},23,63,231,RIDE MOTOCROSS EXTREME SPORT | TRAIN REPEAT | DJ REPEAT | HOCKEY REPEAT | SQUAT REPEAT | TRUCK REPEAT | ANIME REPEAT | FISH REPEAT | SPIN REPEAT | SLEEP REPEAT | TAKE PHOTOS REPEAT | BIKE REPEAT | JIU JITSU | REPEAT SLEEP | PHOTOGRAPHY REPEAT
SONS OF {X},5,19,227,ARTHRITIS IBUPROFEN CHAPTER | ODIN VALHALLA | ODIN WALHALLA | ARTHROSE IBUPROFEN CHAPTER | VALHALLA
{X} BANGER MOSTLY ORIGINAL PARTS BODYWORK NEEDS ATTENTION SPARETIRE INCLUDED,6,6,216,30 YEAR OLD | 40 YEAR OLD | 21 YEAR OLD | 50 YEAR OLD | 60 YEAR OLD | 70 YEAR OLD
{X} MAN THE MYTH THE LEGEND,4,15,216,DAD THE | GRANDAD THE | UNCLE THE | GRANDPA THE
IS MY {X},4,13,209,QUAD OKAY | BIKE OKAY | PARACHUTE OKAY | CANOE OKAY
PROPERTY OF {X},5,6,207,ALCATRAZ PENITENTIARY UNLISTED NUMBER | MY AWESOME FIANCE | MY AWESOME WIFE | MY AWESOME GIRLFRIEND | MY AWESOME FLANCE
{X} MAN MYTH LEGEND,7,15,194,UNCLE | GRANDPA | GRANDAD | POPS | DADDY | PAPA | DAD
I GOOGLED MY SYMPTOMS AND IT TURNS OUT I JUST NEED TO GO {X},6,22,186,CYCLING | KAYAKING | SKYDIVING | CAMPING | CARAVANNING | CANOEING
THAT'S WHAT I DO I {X} KNOW THINGS,5,31,185,FIX STUFF AND I | READ BOOKS DRINK TEA | READ BOOKS AND I | PAINT I | PLAY POKER AND I
BACK TO THE {X},4,11,180,80S | 80S FLUX CAPACITOR | 80S FLUH CAPACITOR | 80'S FLUX CAPACITOR
PEACE LOVE {X},6,20,175,MUSIC | DOLPHINS | AUTISM | HOPE | LIZARDS | CHRISTMAS
I'M NOT {X},9,42,169,SHORT I'M PENGUIN SIZE | SHORT I'M ELF SIZED | OLD I'M A CLASSIC | OLD I'M CLASSIC | HERE TO TALK | SHORT I'M LEPRECHAUN SIZE | SLOW CONNECTION | PEELING WELL | DRINK YOU'RE JUST BLURRY
I NEED A HUGE {X},7,16,166,GLASS OF BEER | SPLIFF | GLASS OF CIDER | GLASS OF GIN TONIC | GLASS OF WINE | BAR OF CHOCOLATE | GLASS OF PROSECCO
JIU JITSU IN JIUJITSU STRENGTH {X} CHAMP FIGHTER TECHNIQUE OVER STRENGTH,4,7,162,TRUST WIDE FIGHT | FIGHT WIDE TRUST DIGNITY | WIDE FIGHT TRUST DIGNITY | FIGHT WIDE
OLD BOY 13 ONE WAY OR ANOTHER {X},4,6,155,CLASS OF GOLDIES 81 | CLASS OF GOLDIES | CLASS OF GOLDIES '81 | 1981 CLASS OF GOLDIES
I HAVE TOO MANY {X} EVER,4,24,150,GUITARS SAID NO GUITARIST | PLANTS SAID NOBODY | GUITARS SAID NO ONE | BICYCLES SAID NO CYCLIST
LIFE IS {X},15,44,149,FULL OF IMPORTANT CHOICES | BETTER WITH CHICKENS AROUND | BETTER ON THE SLOPES | A DYING ART | GOLDEN GOLDEN GOLDEN | BETTER ON THE FARM | BETTER ON THE WAVE | BETTER AT 130 BPM | BETTER ON TWO WHEELS | BREWTIFUL | A BEAUTIFUL RIDE | SIMPLE JUST ADD WATER | BETTER WITH SHARKS | GOLDEN GOLDEN | SHORT SO AM I
{X} IS THE ILLEST,4,4,145,BIGGY SMALLS | REGGIE SMALLS | TRELLIGGIE SMALLS | EAZY E SMALLS
TRUST ME I'M {X},8,10,144,A MECHANIC | SHOOT A PHOTOGRAPHER PEOPLE | RONIN | GYNECOLOGIST | A DOGTOR | A GYNECOLOGIST | PRO | A DRUMMER
PREMIUM {X} 100 AUTHENTIC GUARANTEED,10,10,143,1999 VINTAGE QUALITY GENUINE | 1988 VINTAGE QUALITY GENUINE | 1978 VINTAGE QUALITY GENUINE | 1958 VINTAGE QUALITY GENUINE | 1968 VINTAGE QUALITY GENUINE | 1979 VINTAGE QUALITY GENUINE | 1989 VINTAGE QUALITY GENUINE | 2001 VINTAGE QUALITY GENUINE | 1998 VINTAGE QUALITY GENUINE | 2003 VINTAGE QUALITY GENUINE
{X} BIKER ATTITUDE,6,21,139,WELSH SOUL | BRITISH SOUL | SCOTTISH SOUL | CANADIAN SOUL | AUSTRALIAN SOUL | ENGLISH SOUL
MADE IN {X},59,97,136,NINETEEN EIGHTY FIVE | NINETEEN FIFTY FIVE | NINETEEN SIXTY FIVE | USA | NINETEEN EIGHTY SIX | THE 80'S | NINETEEN SIXTY FOUR | NINETEEN FIFTY SIX | NINETEEN SEVENTY FIVE | NINETEEN FIFTY NINE | NINETEEN NINETY FIVE | NINETEEN SEVENTY SIX | NINETEEN SEVENTY EIGHT | 1964 BORN IN BRITAIN | 2007 BORN IN BRITAIN
SPEED JUNKIES HI SPEED MOTORS MOTORCYCLE {X},4,4,131,CLUB EST 1975 ENGLAND | EST 1975 WALES | EST 1975 ENGLAND | CLUB EST 1975 SCOTLAND
BORN TO BE A {X},4,11,130,ROCKSTAR ROCK'N'ROLL | FISHING LEGEND SPECIAL EDITION | FISHING LEGEND | UNICORN
{X} BANGER MOSTLY ORIGINAL PARTS BODYWORK NEEDS ATTENTION SPARE TYRE INCLUDED,6,37,121,60 YEAR OLD | 70 YEAR OLD | 80 YEAR OLD | 40 YEAR OLD | 50 YEAR OLD | 30 YEAR OLD
I'M A {X},8,19,120,DRUMMER PLEASE SHOUT | HOOKER ON THE WEEKENDS | BRICKLAYER WHAT'S YOUR SUPERPOWER | WILD ROSE | COUNTRY MUSIC NUT | FUTURE PALEONTOLOGIST | DUCKJA | KEEPER
I {X} PERIODICALLY,4,13,117,WEAR THIS T SHIRT | NA P | NAP | TELL DAD JOKES
IT'S NOT {X},4,16,113,HOARDING IF IT'S VINYL | CARTOONS IT'S ANIME | ME IT'S YOU | HOARDING IF IT'S GEAR
I'M NOT SHORT I'M {X},4,10,109,JUST A TALL ELF | PENGUIN SIZE | ELF SIZED | LEPRECHAUN SIZE
{X} ANYTHING OUT NORMAL,7,7,109,PURE FANTASY | AUR FANTASY | PIR FANTASY | PUR FANTASY | PLUR FANTASY | FANTASY | PL DOW FANTASY
A BAD DAY {X} BETTER THAN A GOOD DAY AT WORK,6,22,107,ON MY BIKE IS | CARAVANNING IS | OF OFF ROADING IS | ON MY DRUMS IS | OF CYCLING IS | OF SKYDIVING IS
ORIGINAL PARTS VINTAGE {X},6,6,96,1988 AGED TO PERFECTION | 1978 AGED TO PERFECTION | 1968 AGED TO PERFECTION | 1958 AGED TO PERFECTION | 1969 AGED TO PERFECTION | 2003 AGED TO PERFECTION
OLD SCHOOL {X},4,16,94,BIKERS | FIDGET SPINNER | BIKER 1970 | DJ
{X} DAYS OLDOMETER,6,22,93,25550 | 21900 | 14600 | 10950 | 18250 | 7665
I LOVE {X},14,32,91,NEW YORK | MOOOSIC | BASKETBALL | WINTER | YOU ALOT | CHRISTMAS A LOTL | U AMERICA | TO RIDE MY BIKE | CHEMISTRY | BATON TWIRLING | XMAS | YOU ALOTL | YOU BRITAIN | MY LITTLE DINOSAUR
JUST A {X},8,40,91,BOY WHO LOVES BUSES | BOY WHO LOVES TRACTORS | BOY WHO LOVES TRAINS | GIRL WHO LOVES BOOKS | GIRL WHO LOVES DRAGONS | GIRL WHO LOVES CHRISTMAS | GIRL WHO LOVES ELVES | BOY WHO LOVES BOOKS
PREMIUM ORIGINAL PARTS MOSTLY VINTAGE {X} 100 AUTHENTIC GUARANTEED AGED TO PERFECTION QUALITY,34,65,91,1965 | 1944 | 1975 | 1949 | 1955 | 1963 | 1950 | 1970 | 1982 | 2008 | 1985 | 1962 | 1960 | 1966 | 2005
EVEN AFTER {X} PUTS UP WITH ME,56,66,89,50 YEARS SHE STILL | 39 YEARS HE STILL | 21 YEARS HE STILL | 55 YEARS SHE STILL | 20 YEARS SHE STILL | 48 YEARS SHE STILL | 2 YEAR HE STILL | 38 YEARS HE STILL | 17 YEARS HE STILL | 27 YEAR SHE STILL | 26 YEARS SHE STILL | 38 YEARS SHE STILL | 13 YEARS SHE STILL | 45 YEAR SHE STILL | 52 YEARS HE STILL
BEST {X} EVER,10,37,81,DAD | CAT DAD | BEARDED DRAGON MOM | TARANTULA MUM | HORSE MOM | GRANDPA | FATHER | DINOSAUR MOM | TARANTULA MOM | TARANTULA DAD
THIS IS MY {X},10,9,79,HANDSTAND T SHIRT | ZOMBIE KILLING T SHIRT | LUCKY FISHING SHIRT | CHRISTMAS JUMPER | CHRISTMAS JUMPER BAH HUMBUG | CHRISTMAS MOVIES WATCHING SHIRT | EASTER PAJAMA SHIRT | CHRISTMAS PIJMA SHIRT | CHRISTMAS MOVIES WATCHING JUMPER | LUCKY SKYDIVING SHIRT
BORN TO {X},10,26,78,BE WILD | MOTOCROSS IRON AND WHEELS | BE A ROCKSTAR ROCK'N'ROLL | DIVE | RIDE | KAYAK FORCED TO WORK | COOK | BE A FISHING LEGEND | DIVE DEEP | BE A UNICORN
I'M NOT ALWAYS GRUMPY SOMETIMES I'M {X},4,19,78,ON MY BIKE | RIDING MY BIKE | PLAYING MY DRUMS | PLAYING MY GUITAR
IF YOU HAVEN'T GROWN UP BY THE TIME YOU'RE {X} DON'T HAVE TO,8,21,75,60 YOU | 70 YOU | 80 YOU | 30 YOU | 50 YOU | 40 YOU | 21 YOU | YOU
I WANT {X},5,17,69,YOU TO DRINK | A HIPPOPOTAMUS FOR CHRISTMAS | TO RIDE MY | TO LEAVE | TO BE LEAVING
KEEP CALM AND {X},7,17,66,LOVE REGGAE | SHAKE YOUR SHAMROCKS | SWIM FASTER | SKY DIVE | LET THAT SHIT GO | SHOOT ARROWS | GO FISHING
SO HAPPY I'M {X},9,27,66,50 TODAY | 60 TODAY | 30 TODAY | 18 TODAY | 70 TODAY | 21 TODAY | 90 TODAY | 80 TODAY | 40 TODAY
{X} SAY THE VOICES IN MY HEAD,4,11,66,BUY MORE BICYCLES | GO CYCLING | BUY MORE GUITARS | PLAY GUITAR
AUTISM {X} ACCEPT UNDERSTAND LOVE,4,9,65,AWARENESS | AWAWARENESS | AWAENESS | AWAERNESS
{X} AND BEER THAT'S WHY I'M HERE,5,26,63,COUNTRY MUSIC | SNOOKER | POOL | PADDLEBOARDING | BILLIARDS
I'M HERE {X},5,20,62,TO DELETE YOUR COOKIES | BECAUSE YOU BROKE SOMETHING | TO STRIP ELECTRICAL WIRES | FOR THE SAVASANA | FOR YOU
EASILY DISTRACTED BY {X},4,16,59,BIRDS | SLOTHS DOGS | DOGS | PLANTS
SPEED JUNKIES HI SPEED MOTORS M C EST 1975 {X},7,8,56,XXX IRELAND | SCOTLAND | AUSTRALIA | XXX N IRELAND | XXX WALES | XXX AUSTRALIA | XXX ENGLAND
