subject,designs,units_sold
MOTORCYCLE,265,4488
UNION JACK FLAG,95,2466
SKULL WITH DRIPPING EFFECT,5,2331
FIST BUMP,153,2259
MOTORCYCLE RIDER,139,2225
UNICORN WITH RAINBOW,4,1785
LION FACE,12,1480
DOTTED STICK FIGURE KICKING,1,1446
MONKEY WEARING AVIATOR HAT,1,1342
RAISED FIST,23,1243
MIDDLE FINGER,19,1234
EAGLE,22,1207
MAN RIDING MOTORCYCLE,12,1185
SILHOUETTE OF A PERSON,4,1104
CARAVAN,29,1060
EAGLE WITH CROWN,13,1039
BOXING GLOVES,38,1021
LIGHTNING BOLT,4,993
MAN PLAYING GUITAR,22,991
QUEEN ELIZABETH II WITH UNION JACK,8,989
MINI COOPER,9,951
VULTURE,3,877
TIGER,51,871
GAME CONTROLLER,104,869
FACE WITH RASTA COLORS,3,855
JEEP ON ROCKS,8,853
MARSHMALLOW MAN IN A CITYSCAPE,3,840
BICYCLE,65,829
TRACTOR,51,824
MOTORCYCLE WITH FLAMES,4,814
CHE GUEVARA PORTRAIT,20,796
DIRT BIKE RIDER,47,752
SANTA ON A MOTORCYCLE,18,752
JESUS WITH CROWN OF THORNS,5,749
GUITARS,39,728
DOG FACE,13,701
RAINBOW LIPS,12,699
MAN WEARING SANTA HAT,7,665
CARTOON CHARACTER WITH LIGHTNING BOLTS,1,665
SKULL WITH WINGS,28,653
FACES IN SQUARES,6,601
SHARK,29,551
MELTING SKULL,13,546
'MAN' 'WOMAN' 'GUITAR',2,542
FACE AND HAND WITH FORK,1,530
SILVER EAGLE ON RED SHIELD,2,520
'MAN' 'WOMAN' 'JEEP',2,520
SKULL WITH HEADDRESS,21,506
PORTRAIT OF A MAN IN A MILITARY UNIFORM,1,494
KNIGHT HOLDING SWORD,31,489
W LOGO WITH WINGS,1,480
PORTRAIT OF A PERSON WITH DREADLOCKS,2,469
SANTA CLAUS ON A MOTORCYCLE,12,445
MOTORCYCLE WITH WINGS,14,439
SKULL WITH HEADPHONES AND SMILEY FACE,4,434
SKULL WEARING HEADDRESS,7,428
FIGHTER PLANE WITH ROUNDEL,10,418
MAPLE LEAF,2,412
DRUNK UNCLE LYING DOWN WITH BEER MUG,2,397
CHILD RIDING TRICYCLE CHILD ON SCOOTER CHILD ON BICYCLE ADUL,1,392
WOLF,63,388
RAINBOW HEART WITH HEARTBEAT LINE,7,388
SCOOTER WITH UNION JACK FLAG,5,384
SKELETON PLAYING DRUMS,7,376
MUAY THAI FIGHTER,28,373
BICYCLE SKULL,13,372
STAR WITH GUN SILHOUETTE,1,372
TWO HANDS MAKING A 'SHAKA' SIGN,2,371
FIST,21,368
PEGASUS,3,367
SKYDIVER IN FREEFALL,25,355
BEER MUG,57,350
SKULL WITH BEARD AND SANTA HAT,7,349
POLICE CAR,2,344
TIGER HEAD,6,343
SNAKE,19,343
HOUSEBOAT,6,332
DRUM KIT,12,323
CANDLES,7,323
MAN WITH DRAGON,12,310
CAR,14,308
MAN HOLDING STAFF,3,307
SKULLS WITH CHAINS,7,301
SKULL,61,300
RAINBOW HEART,30,296
SNAKE WITH LETTER S,4,294
MOTORCYCLE AND GAS PUMPS,1,293
CROW,2,289
SPARTAN HELMET WITH SPEAR,5,289
BOXER WITH MULTIPLE BELTS,1,289
MOTORCYCLE WITH RIDER,14,288
TUXEDO WITH RED ROSE,2,287
VIKING WARRIOR,23,283
ABSTRACT GEOMETRIC SHAPES,2,277
SPACESHIP WITH WINGS,1,276
MAN WITH STAFF,2,270
ILLUSTRATION OF A CHARACTER HOLDING A STAFF,6,270
SPARTAN HELMET,23,267
BOB MARLEY PORTRAIT,3,263
MUSCULAR SANTA LIFTING WEIGHTS,6,263
SKULL WEARING SANTA HAT,40,258
SKULL WEARING GOGGLES,4,256
BICYCLE RIDER,22,255
GUITAR WITH WINGS,40,255
MAN ON MOTORCYCLE,22,255
DRAGON,88,254
MAN FISHING,14,252
BASEBALL CAP,3,251
STADIUM,4,250
A CHARACTER WITH A STAFF AND A RED SUN,1,250
OCTOPUS WITH DIVING HELMET,20,249
VIKING HELMET,8,249
GUITAR,43,247
PROFILE OF A PERSON WEARING A HAT,2,244
COAT OF ARMS,22,244
FACTORY SILHOUETTE,1,242
BICYCLE PARTS,13,240
EVOLUTIONARY PROGRESSION WITH LAND ROVER,2,240
BUNK BEDS,6,239
YOUNG PERSON MAKING A PEACE SIGN,1,239
SANTA HAT,6,237
TIKI FIGURE,1,237
CARTOON FISHERMAN HOLDING BEER AND FISHING POLE,3,230
MOTORCYCLE ENGINE,17,230
RED STAR,10,230
SKULL WITH MIDDLE FINGERS,5,229
VIKING HELMET AND SHIP,4,227
TARGET,9,227
GUITAR WITH MUSICAL NOTES,15,225
GORILLA FACE,5,223
RED CAR WITH OPEN HOOD,6,216
SCOOTER RACER,2,215
RACING CAR,3,213
DRUM SET,27,211
BOOT WITH FIGURE,1,207
SKULL WITH HEADPHONES,18,206
BIKER ON A HILL,2,206
TWO MEN IN SUITS AND HATS,6,203
MOTORCYCLE CRASH,2,200
CROSSED FISHING RODS,5,200
THREE GLASSES OF DARK BEER,3,199
TWO PEOPLE PRACTICING JUDO,4,198
WITCH WITH BROOM,2,197
SPARTAN HELMET WITH UNION JACK,1,193
JEEP,21,189
BULLDOG LIFTING WEIGHTS,5,189
RED WHITE AND BLUE CIRCLE WITH STARS,10,188
SKELETONS WITH AUTISM AWARENESS PUZZLE PIECES,5,185
SCARY FACE,4,185
D20 DIE,4,184
LION,30,183
SPORTS CAR,2,182
INTERCEPTOR CAR,2,182
FACE WITH CROWN,1,181
SANTA CLAUS PLAYING GUITAR,29,180
HUMAN EVOLUTION STAGES,18,179
DOG,86,179
MOTORCYCLE WITH RIDER AND WINGS,4,179
A CHARACTER IN TRADITIONAL ATTIRE WITH A STAFF LEAPING IN TH,1,179
SKULL WEARING SANTA HAT WITH ANTLERS,6,178
GEARBOX DIAGRAM,6,178
ELECTRIC GUITAR,29,176
MAN RIDING BICYCLE,6,173
COUPLE WITH FLAG,1,172
PERSON RIDING MOTORCYCLE,3,172
FACES IN PILOT HATS,1,171
MIDDLE FINGER WITH SANTA HAT,9,171
EAGLE WITH STARS,1,170
EUROFIGHTER TYPHOON AIRCRAFT,1,169
MOTORBIKE EVOLUTION,3,169
SAILBOAT,21,169
RED CAR WITH ROOF RACK,6,169
SPIRAL,6,168
SKELETON RIDING SCOOTER,12,167
GLASS OF CIDER,9,166
VEHICLE,2,166
FIGHTER PLANE,13,165
MAN PLAYING GUITAR IN VITRUVIAN MAN POSE,3,165
RHINOCEROS,4,165
RAINBOW SHEEP,16,164
BLACK LEATHER BELT,2,162
BOXING GORILLA,8,162
'MAN' 'WOMAN' 'TRACTOR',4,162
LION AND FACE,1,162
QUEEN ELIZABETH II WITH UNION JACK BACKGROUND,1,161
RECORD PLAYER,23,160
SCOTTISH FLAG IN A CREST,4,159
UNION JACK HELMET,2,158
FISHING ROD AND FISH,21,155
SCOOBY DOO MYSTERY MACHINE VAN,1,155
ASTRONAUT HOLDING BALLOONS SHAPED LIKE PLANETS,2,154
SCOOTER,13,153
GLASS OF DARK BEER,3,153
T SHIRT,2,153
'MAN' 'WOMAN' 'MOTORCYCLE',4,152
HAMMER,6,151
ROOSTER,39,151
TWO THUMBS UP,1,151
HAT WITH LOGO,1,150
PERSON KAYAKING,16,150
HIGHLAND COW,36,148
CACTUS,9,147
SKULL WEARING HELMET,20,147
TOOLS,16,146
MJOLNIR HAMMER WITH CELTIC KNOT,1,145
SPOCK DJING,2,143
MAN WITH MUSTACHE,6,142
RAILWAY TRACKS,1,142
SANTA ON A BICYCLE,2,141
SILHOUETTE OF A PERSON AND A FLYING SAUCER,1,140
SUPERMARINE SPITFIRE,8,140
CAR WITH HEARTBEAT LINES,2,138
HOT ROD CAR,45,137
KOALA,12,137
CAMERA,22,135
FISH JUMPING OUT OF WATER,14,133
GUN WITH NATURE SCENE,1,131
SPIDER,15,131
TRIANGLE WITH PERSON SILHOUETTE,2,131
TRUCK,25,130
AXOLOTL,9,130
GUITAR SHAPE WITH ABSTRACT DESIGN,1,130
RED CROSS,22,129
SILHOUETTE OF A PERSON RIDING A BICYCLE,2,129
MUAY THAI FIGHTER IN ACTION,1,129
TARGET ICONS,1,129
JIU JITSU FIGHTER,6,128
SPEAR AND SHIELD WITH BLOOD SPLATTER,1,128
MAN WITH BOW AND ARROW,2,127
FLAG WITH CLAW MARKS,57,127
MAN HOLDING GUN,1,127
CROSS WITH CROWN OF THORNS,2,126
QUEEN ELIZABETH II WITH ZIGGY STARDUST MAKEUP,3,126
WOLF HOWLING AT MOON,31,125
SMOKING SKULL,2,125
'JEEP' 'TRUCK' 'CAR' 'JEEP',1,125
TAEKWONDO EMBLEM,6,124
SKULL WITH DIVING GEAR AND STOPWATCH,5,124
SKULL WITH BEARD AND HAIR,4,124
CAMPER,5,124
GUITAR WITH TREE BRANCHES,4,123
HAND HOLDING GOLF CLUB,1,123
CAR WITH UNION JACK,1,122
FLAG WITH CROWN AND SPEAR,3,122
WEIGHTS,7,121
SKELETON RIDING MOTORCYCLE,21,121
GREEN HAT WITH IRISH FLAG SUNGLASSES AND GOLD MUSTACHE,2,121
CHILD PLAYING WITH TOY,2,121
LION WITH DREADLOCKS AND SUNGLASSES,10,118
SANTA CLAUS WITH A CLOCK ON HIS BACK,1,117
CAT MUGSHOT,4,117
GRAFFITI STYLE FACE,1,117
FACE WITH FORK AND KNIFE,2,117
DRUMMER IN VITRUVIAN MAN POSE,4,116
FISH,21,116
RAINBOW BARCODE,8,116
DOGS CROSSING A ROAD,7,116
MOTORCYCLE FRONT VIEW,2,115
HUMAN EVOLUTION WITH HUNTING ELEMENTS,3,115
SKULL WITH GREEN BANDANA AND CLOVERS,5,115
SKULL WITH WINGS AND PISTONS,9,114
RAVEN ON BRANCH,6,114
MOTORCYCLE ENGINE WITH WINGS,10,113
FACE WITH DREADLOCKS,3,113
WELSH FLAG WITH DRAGON,11,113
BMX RIDER PERFORMING A TRICK,16,113
MAN WITH HEADBAND,1,112
FISHING SCENE WITH FISH AND FISHERMAN,7,112
WELSH DRAGON ON SHIELD,3,111
GLOVED HAND HOLDING SWORD,7,110
HEART WITH FLAG DESIGN,77,110
RAINBOW FIST WITH RADIATING LINES,2,110
SILHOUETTE OF A PERSON WITH HANDS IN A FIGHTING STANCE,1,110
ROAST TURKEY,1,109
LEPRECHAUN HAT WITH BEER AND GOLD COINS,1,109
CHESS PIECES,27,108
CUSTOM CHOPPER MOTORCYCLE,12,108
GRID OF GUITARS,6,108
DOT PATTERN OF A PERSON,1,108
BEAR WITH TREE BRANCHES,3,106
SKULLS AND BONES,1,105
SKULL WEARING HELMET WITH GUNS,1,104
WHALE MADE OF PLASTIC BOTTLES,2,103
BOXING MATCH,2,103
OCTOPUS WEARING DIVING HELMET,3,100
MAN STANDING OVER BODY,1,100
DRUMSTICKS AND FIST,1,100
BRAIN WITH FLOWERS,9,100
RED STAR WITH TWO RIFLES,2,100
HUMAN FIGURE IN CIRCLE,1,100
SKULL WEARING AVIATOR GOGGLES,4,99
WINGS WITH A SPHERE,1,99
'MAN' 'WOMAN' 'BICYCLE',1,99
PERSON RIDING MOUNTAIN BIKE,1,99
PERSON HOLDING LANTERNS,1,99
ECTO 1 GHOSTBUSTERS CAR,2,98
SKULL WITH WINGS AND BONES,4,98
SKULL WITH CYCLIST INSIDE,6,98
MONKEY WEARING A BERET,3,98
CAT,34,98
FIST POINTING,20,97
SUPERMARINE SPITFIRE AIRCRAFT,9,96
CAMPING SCENE WITH PEOPLE AND CAMPFIRE,6,96
TWO FIGHTERS IN A CAGE,8,96
NERDY GIRL HOLDING A BOOK,1,96
BIKER RIDING MOTORCYCLE,7,95
VIKING WARRIOR WITH AXES,4,95
HEART SHAPE MADE OF BICYCLE CHAIN,1,94
OLD TRUCK,28,94
MAN WEARING A CROWN,3,94
STAR WITH GUN,2,93
SKULL WITH UNION JACK FLAG,10,93
SPEEDOMETER,22,93
MJOLNIR HAMMER WITH LIGHTNING,2,93
SKULL WEARING AVIATOR HELMET,17,92
COAT OF ARMS WITH DRAGONS,2,92
HEDGEHOG,21,92
FREDDY KRUEGER,1,92
AIRPLANE WITH PARACHUTES,13,91
MAN WEARING CROWN,4,91
MOUNTAIN BIKER,10,91
SPARTAN WARRIOR HELMET WITH SPEAR,1,91
ELF HAT AND BOOTS,9,91
SKULL WITH CROSSED RIFLES,3,91
SPORTS CARS,1,90
PUMPKIN FACE,13,90
WOMAN ON MOTORCYCLE,9,90
CARTOON OLD MAN WITH RUGBY BALL,1,90
HUMAN EVOLUTION WITH BOW AND ARROW,8,89
BOXING CHAMPION,1,89
HAMMER AND SICKLE WITH STAR AND LAUREL WREATH,3,89
DIVER,6,88
MARIJUANA LEAF,26,88
STEAM LOCOMOTIVE,26,88
FIERCE GORILLA WITH BANDAGED FIST,1,88
BROWN TROUT JUMPING,4,88
'BEER MUG' 'GOLD COINS' 'LEPRECHAUN HAT' 'CLOVER',1,88
JACK RUSSELL TERRIER,13,88
SWORD AND SHIELD,2,87
RED FLOWERS,5,87
PERIODIC TABLE,5,87
TRACTOR WITH HEARTBEAT LINE,7,87
'GAME CONTROLLERS' 'LIGHTNING BOLTS' 'STARS',7,87
SKULLS AND FLORAL PATTERNS,1,87
FIGHTER WITH SNAKES,1,86
BOOKSHELF WITH VINYL RECORDS,5,86
FIBONACCI SPIRAL,8,86
THREE WISE MEN ON CAMELS,6,85
CAMERA AND LENS CHARACTERS,1,85
GUITAR SKULLS ROSE,4,84
FISHING TACKLE BOX WITH ROD,2,83
HUMAN EVOLUTION WITH MOTORCYCLE RIDER,2,83
GLASS WITH RAINBOW,3,83
POINTING HANDS,3,83
STRONG MAN WITH KETTLEBELL AND DUMBBELLS,2,83
MOTORCYCLE EVOLUTION,4,82
SANTA CLAUS,15,82
ELEPHANT BREAKING THROUGH WALL,4,82
CLAW SCRATCHES,5,82
MAN AND WOMAN ON SCOOTER,4,82
SKULL WEARING GOGGLES AND HAT,1,82
ANARCHY SYMBOL,6,81
SKULL WITH BEARD AND BEANIE,2,81
PSYCHEDELIC MUSHROOMS,13,81
SKULL WEARING A HELMET WITH WINGS AND CHECKERED FLAGS,2,81
UNION JACK FLAG WITH A PUNK STYLE SKULL,1,80
X SYMBOL,1,80
BRAZILIAN JIU JITSU GRAPPLING,2,79
JUDO FIGHTER PERFORMING A THROW,2,79
SKULL WITH HORNS,10,79
IRISH HAT WITH SHAMROCK SUNGLASSES AND MUSTACHE,3,79
EAGLE ON SHIELD,1,79
FOOTBALL JERSEY,1,79
GORILLA LIFTING WEIGHTS,3,78
MOTORCYCLES WITH UNION JACK,3,78
MAN HOLDING BIKE,1,78
MELTING RAINBOW SKULL,1,77
PAW PRINT,16,77
AMERICAN FLAG,15,77
PROFILE OF A PERSON WEARING A HAT AND SUNGLASSES,1,77
YIN YANG WITH HANDS,2,76
SANTA RIDING A BICYCLE,8,76
RAINBOW FIST,8,76
MUSHROOMS,27,76
SOLDIERS WITH PEACE SYMBOL,2,76
COMBAT BOOTS,5,76
MAN HUNTING WITH DOG,2,76
WEDDING RINGS,55,75
CARTOON CHARACTER FARTING,2,75
RABBITS,3,75
FLAME WITH CROSS,8,74
GRIM REAPER HOLDING HOURGLASS,5,74
SKULL WITH WINGS AND GOGGLES,7,74
1956 CAR,2,74
MAN ON IRON THRONE,1,74
PLANET WITH COLORFUL STRIPES,1,74
MUSCULAR MAN LIFTING DUMBBELL,2,73
RED WHITE AND BLUE STARS,6,73
VIKING WARRIOR WITH HORNS,7,73
HELMET WITH INTRICATE DESIGNS,1,73
BULLDOG WEARING GOGGLES AND HAT WITH PISTONS,1,73
CIRCLE WITH CROSS,1,73
FIST WITH FINGERS CROSSED,1,73
BOY PLAYING WITH TOY,2,73
RED STAR WITH RIFLE,2,72
JAMAICAN FLAG RIBBON,9,72
RUBIK'S CUBE MELTING,5,72
ROMAN HELMET WITH LAUREL WREATH,3,72
BICYCLE RIDERS,1,72
BEER GLASS,11,71
JOHN LENNON PLAYING GUITAR,1,71
ELF HOLDING TOOLS,3,71
SKULL WITH ROSES,17,71
RETRO GAMING CONSOLE WITH JOYSTICKS,2,71
TRIATHLON SILHOUETTE,4,71
MAN IN SUIT DANCING,14,70
RAT SILHOUETTE,3,70
DELOREAN DMC 12,1,70
SKULL WITH FLOWERS,5,69
OCTOPUS LIKE CREATURE,5,69
FIREMAN EVOLUTION,4,69
DOG WEARING SANTA HAT,35,69
DARTBOARD WITH SANTA HAT,14,69
SKELETON PLAYING GUITAR,29,69
MAN RIDING SCOOTER,10,68
MAN WITH DREADLOCKS AND LION,1,68
SKULL WEARING HELMET WITH NUMBER 13,1,68
FISHING ROD,7,67
CITYSCAPE WITH MOON AND REFLECTION,1,67
PLANETS AND SOLAR SYSTEM,6,67
MOTORCYCLE RIDER IN HELMET,4,67
JAMAICAN FLAG COLORS,6,67
SKATEBOARDER ON IRON THRONE,1,67
PUZZLE HEART,10,66
SLOTH REACHING UP,3,66
DOG HOLDING BEER MUGS,1,66
MOTORCYCLE WITH SIDECAR,11,65
PERSON RIDING BICYCLE,6,65
KNIGHT IN ARMOR,17,65
PORTRAIT OF BOB MARLEY,1,65
SWORD AND WINGS,1,65
SKULL WITH CHAINS,3,64
SAMURAI WARRIOR,22,64
SCUBA DIVER,7,64
FACE,1,64
PORTRAIT OF A PERSON WITH A CROWN,1,64
CONVERTIBLE CAR,1,64
A CHARACTER IN TRADITIONAL ATTIRE HOLDING A STAFF WITH A RED,1,64
DELOREAN WITH LIGHTNING,2,63
CAPYBARA,17,63
SKULLS WITH MECHANICAL ELEMENTS,1,63
SPARTAN HELMET WITH BLOOD SPLATTER,7,63
PORTRAIT OF A PERSON WEARING A HAT AND A CHAIN,2,63
STACK OF BEER MUGS,3,63
DELOREAN CAR WITH LIGHTNING EFFECTS,3,63
SCOOTER WITH WINGS,2,63
SNOWBOARDER IN ACTION,5,62
BRITISH BULLDOG,3,62
JUDO FIGHTER IN ACTION,5,62
MAN IN MUGSHOT,2,62
MAN PERFORMING A HIGH KICK,6,62
CYCLISTS IN A LINE,4,62
BARBELL,8,62
BULLDOG WEARING GOGGLES AND CROSSED PISTONS,1,62
SAMURAI WARRIOR WITH SWORD,11,62
PLANET,10,62
BEAR IN HOODIE WITH CHAINS,2,62
MUSCULAR DOG LIFTING DUMBBELLS,1,62
ROOSTER WEARING GLASSES AND A BANDANA,2,61
TREE WITH HORSE SILHOUETTE,5,61
RUBIK'S CUBE,12,61
DARTBOARD WITH DARTS,9,61
WINGS WITH A PISTON,2,61
MAN HOLDING TOOL,1,61
PISTON WITH WINGS,4,61
TWO PEOPLE PRACTICING JIU JITSU,5,60
EAGLE WITH WINGS SPREAD,12,60
KNIGHT WITH SWORD AND SHIELD,12,60
RED TRACTOR,6,60
HEART WITH FLAG COLORS,40,60
SKULL WITH FLAMES,6,60
SKULL WITH TRAIN INSIDE,7,60
PORTRAIT OF PABLO ESCOBAR,5,60
AIRCRAFT WINGS,1,60
SKULL WEARING CHEF HAT WITH CROSSED KNIVES,7,59
SUPERMAN LOGO WITH CANNABIS LEAVES,2,59
RECYCLING SYMBOL WITH BICYCLES,6,59
ASTRONAUT IN SPACE SUIT,4,59
WARRIOR IN ARMOR,7,59
MUAY THAI FIGHTER IN FIGHTING STANCE,7,59
CROSSED SNIPER RIFLES,1,59
KNIGHT WITH SWORD AND RED CROSS,1,59
IRISH FLAG WITH SHAMROCK,6,59
TWO BOXERS IN ACTION,3,58
SILHOUETTE OF GRANDAD AND CHILD HIGH FIVING,1,58
DIVERS UNDERWATER,2,58
SLOTHS FORMING A CHRISTMAS TREE,4,58
SKULL WITH CROSSED BONES,4,58
SKULL WITH CROSSED WRENCHES,6,58
MOTOCROSS RIDER,6,57
SKULL WITH SWORD AND ROSES,6,57
GIRAFFE,12,57
SILVER EAGLE WITH CROWN,5,57
RANK INSIGNIA,1,57
SOLDIERS PAINTING PEACE SYMBOL,1,57
GLASSES WITH PEACE SIGN,5,57
DONUTS,7,57
SKULL WITH SKELETON HANDS,4,57
PERSON WITH KAYAK,1,57
HAND WITH RAISED FIST,5,56
TWO MEN IN BOWLER HATS,12,56
RAT,7,56
CRICKET HEARTBEAT,9,56
STAR WITH CROSS,1,56
GORILLA,14,56
FOOTBALL STADIUM,9,56
RAVEN,3,56
DRUM SET WITH HEARTBEAT,1,56
FIREFIGHTER AND CHILD HOLDING HANDS,1,56
SANTA CLAUS LYING DOWN,3,56
TWO HANDS POINTING,35,55
DIVER UNDERWATER,22,55
PALESTINIAN FLAG WITH CLAW MARKS,8,55
FLAMING SKULL,4,55
HUMAN EVOLUTION SEQUENCE WITH DRAGON,1,55
SKULL WEARING TOP HAT WITH BEER MUGS,2,55
EYE WITH SPIRAL,1,55
HEADPHONES,21,54
RUGBY PLAYERS IN SCRUM,3,54
SILVER CROWNED EAGLE,1,54
PALM WITH FINGERS RAISED,1,54
SCARECROW HOLDING LANTERNS,1,54
MAN WEARING HOODIE,1,54
NEON HEART,1,54
SKULLS WITH WINGS AND SWORD,3,53
'BICYCLE' 'CAR',3,53
MONSTER TRUCK,17,53
CARTOON FISHERMAN HOLDING BEER AND FISHING ROD,11,53
PUG WEARING SUNGLASSES AND HOLDING A BONE,2,53
FLAMING CROSS,8,53
RAINBOW HANDPRINT,6,53
STAR WITH CROSSED RIFLES,1,53
CHRISTMAS TREE MADE OF CARS,8,53
MINI COOPER CAR,2,53
DRAGON WITH FLAMES,2,53
RED DRAGON,9,52
VINTAGE MOTORCYCLE,3,52
SLOTH WITH BACKPACK,7,52
MOUNTAIN BIKE TREES MOUNTAINS,2,52
EVOLUTIONARY PROGRESSION,5,52
BOXING SCENE,1,52
HUMAN FIGURE WITH SWORD,1,52
PERSON JUMPING,4,51
SKULL WEARING A HELMET,10,51
BLACK CAT SILHOUETTE,1,51
MOTORCYCLE RIDER WITH BEER,1,51
RED CAR,3,51
HOT AIR BALLOON WITH PUZZLE PIECES,9,51
'HEART WITH SWIM CAP' 'GEAR' 'RUNNING SHOE',1,51
REGGAE FLAG,2,51
GORILLA IN FOREST,1,51
SILHOUETTE OF A PERSON STANDING,1,51
FATHER AND SON HIGH FIVING,4,50
MUSCULAR FIGURE,8,50
WOLF SILHOUETTE,9,50
BLACK PANTHER,8,50
GORILLA IN BOXING STANCE,3,50
SPEAR AND HELMET,1,50
CROSSED RIFLES AND DOG TAGS,1,50
PIXEL ART OF A GAME SCENE,2,50
CHRISTMAS TREE WITH FIGURES,2,49
SKULL WITH WINGS AND GUITAR,10,49
MONKEY WITH HEADPHONES,4,49
SKELETON ON MOTORCYCLE,11,49
MOUNTAIN SILHOUETTE,10,49
SKULL WITH AMERICAN FLAG AND PISTONS,3,48
FISHING ROD AND BUCKET,6,48
BEER MUG WITH FOAM AND HOPS,6,48
MOTOCROSS RIDER ON DIRT BIKE,10,48
HAWKER HURRICANE AIRCRAFT,5,48
GRAFFITI ON A WALL,2,48
PARACHUTES AND SILHOUETTES,2,48
MUSHROOM,4,48
ROOTS WITH CROSS,5,48
ELEPHANT WITH PUZZLE PIECES AND SUNFLOWERS,2,48
SKELETON WITH MIDDLE FINGERS,1,48
CLASSIC MUSCLE CAR,2,47
MOTORCYCLE ENGINE WITH FLAMES,3,47
T REX WITH CHRISTMAS LIGHTS,7,47
KNIGHT'S GAUNTLET HOLDING SWORD,4,47
WEIGHTS AND KETTLEBELLS,2,47
PERSON HOLDING A SIGN,1,47
'MAN' 'WOMAN' 'CAR',1,47
MAN WITH SHORT HAIR,1,47
SKULLS WITH SWORDS,1,46
SKULL WITH HORNS AND AXES,3,46
DRUM SET WITH HEARTBEAT LINE,6,46
YELLOW TAXI,4,46
BRITISH FLAG WITH SPITFIRE,6,46
PUG WEARING SANTA HAT,8,46
DIVER WITH SCUBA GEAR,8,46
HANDS WITH FINGERS SPREAD,1,46
CAMERAS AND A FISH,1,46
'BEER MUG' 'CLOVER' 'POT OF GOLD',1,46
FLAT EARTH MAP,5,46
MAP OF ENGLAND WITH POLISH FLAG,5,46
KNIGHT'S ARMOR,2,46
TWO PEOPLE ON A SCOOTER ONE FALLING,2,46
SKULL WITH MOTORCYCLE INSIDE,1,46
GUITAR CHRISTMAS TREE,6,45
PROFILE OF A PERSON WEARING A CAP,1,45
MUSCULAR MAN LIFTING DUMBBELLS,1,45
CAT WEARING A TIE,4,45
BMX RIDER,4,45
JOINT,5,45
FLAMING BADGE,2,45
VIKING WARRIOR WITH WINGS,5,45
GHANA FLAG WITH CLAW MARKS,5,45
PIXELATED SHARK,1,45
SKULL WITH MOHAWK,14,44
FOX,17,44
PINK RIBBON,6,44
POOL TABLE WITH BALLS,7,44
TIGER IN BOXING STANCE,2,44
SKULL PLAYING GUITAR,10,44
FIST BREAKING CHAINS,5,44
WELSH DRAGON,4,44
LION HEAD,14,44
SKULL WITH DRUM SET INSIDE,4,44
MICROPHONE,2,44
RED MAPLE LEAF,10,43
CARTOON FACE,1,43
SOCCER BALL,12,43
BICYCLE WITH VINYL RECORDS AS WHEELS,5,43
DOG WEARING SUNGLASSES,21,43
SKELETON HAND WITH LIGHTNING,8,43
SMILEY FACE WITH SKULL INSIDE HEADPHONES,1,43
WRENCHES FORMING A CHRISTMAS TREE,1,43
HIPPIE SMOKING A JOINT,2,43
SKULL WITH KETTLEBELL,1,43
CHRISTMAS TREE MADE OF PUZZLE PIECES,8,43
VIDEO GAME CONTROLLERS,5,43
RED STAR ON WHITE BACKGROUND,1,43
CAR WITH HEARTBEAT,3,43
SKULL WITH FLORAL DESIGN,4,42
SANTA DRIVING A HOT ROD,4,42
MARSHMALLOW MAN,1,42
MAN KICKING,1,42
OCTOPUS,21,42
OWL,19,42
JUNGLE LEOPARD,4,42
HUMAN EVOLUTION SEQUENCE WITH VEHICLE,4,42
CROW FLYING AGAINST MOON,4,42
SHARK WITH DIVER,12,42
TWO FIGURES FIGHTING,1,42
HUMAN EVOLUTION,9,41
GUITARIST WITH GUITAR,3,41
NAVY BLUE APRON WITH WHITE TEXT AND INSIGNIA,1,41
GEAR SHIFT DIAGRAM,7,41
MAN IN TOP HAT HOLDING KNIFE,1,41
SKULL WITH GOGGLES AND FLAMES,1,41
SANTA IN SLEIGH WITH REINDEER,3,41
CROSSED RIFLES AND DEER,1,41
SILHOUETTE OF A PERSON WITH RAISED FIST,1,41
SILHOUETTE OF A PERSON WITH A FORK AND KNIFE,1,41
JESUS ON A SOFA,1,41
BRITISH FLAG WITH A CROWN,1,41
MIXED MARTIAL ARTS FIGHTER,1,40
GRANDFATHER AND CHILD HIGH FIVING,2,40
BOAT,2,40
TWO HANDS POINTING AT EACH OTHER,26,40
RAVEN ON CELTIC CROSS,4,40
UNION JACK SKULL,4,40
RABBIT,15,40
SKULL WITH ROCK HAND GESTURE,7,40
CROSS WITH RAYS,4,40
GRIM REAPER HOLDING SCYTHE,18,40
COLORFUL SKULL WITH DRIPPING PAINT,1,40
EAGLE HOLDING WRENCH,4,40
SUGAR SKULL WITH ROSES AND BIRDS,2,40
PORTRAIT OF A MAN,4,40
ALTITUDE GAUGE,3,40
RAINBOW FINGERPRINT,3,40
WOMAN SINGING,1,40
CHILD RIDING VARIOUS VEHICLES,1,40
NES CONSOLE ROBOT HOLDING A GUN AND A CARTRIDGE,1,40
JEEP OFF ROADING,3,39
HELMET WITH LAUREL WREATH,9,39
SWIMMER CYCLIST RUNNER,2,39
RUGBY BALL,23,39
THUMBS UP,3,39
FLAMING WELSH DRAGON,5,39
TWO PEOPLE INTERACTING ONE HOLDING A FLAG,1,39
FOOTPRINT,6,39
MILITARY OFFICER POINTING,2,39
'SMALL FISH' 'MEDIUM FISH' 'LARGE FISH' 'FISHING ROD' 'GUN',1,39
TRIANGLE WITH PERSON IN JIU JITSU POSE,1,39
T SHIRT WITH TEXT,1,39
LUNAR LANDSCAPE WITH TREES AND CITY SILHOUETTE,2,39
MAN DRINKING TEA,2,38
RUNNING TREES,1,38
CYCLIST RIDING BICYCLE,8,38
FULL MOON OVER TREES AND WATER,3,38
TENNIS RACKET AND BALL,4,38
DIVER WITH FISH,9,38
DEMON WITH HORNS AND ROOTS,1,38
SKULL MOTH,4,38
HOT ROD,3,38
FARM ANIMALS,2,38
SLOTH IN WATER,1,38
WAVE PATTERN,1,37
EAGLE AND SKULL,2,37
GERMAN SHEPHERD,12,37
FISHING CHRISTMAS TREE SNOWMEN,3,37
MAN IN MUAY THAI STANCE,5,37
FLAG WITH STAR,16,37
PLANES,6,37
SKULL SHAPED GLASS MUGS,1,37
MAN POINTING GUN,1,37
HORSE,9,37
TARGET WITH ARROWS,1,37
MAN PAINTING GREEN WALL,1,37
RAINBOW,12,36
MOTORBIKE,9,36
RAINBOW HEART WITH HANDS,4,36
PERSON STANDING WITH ARMS CROSSED,1,36
SKULL WITH CRACKED SURFACE,1,36
CROSS WITH SWORD AND HELMET,1,36
CAT PLAYING GUITAR,7,36
CROSSED WRENCHES,7,36
MAN SHOOTING BOW,5,36
MAN KAYAKING,1,36
KETTLEBELL,6,36
PERSON WEARING T SHIRT,1,36
CHRISTMAS PUDDING,2,36
CAR TOWING CAMPER,1,35
TWO PEOPLE IN A GRAPPLING POSITION,2,35
SKULL WITH WINGS AND HELMET,11,35
SKULLS,14,35
PANDA,10,35
WELSH DRAGON AND FLAG,5,35
WOLF HEAD,13,35
DINOSAUR IN CAVE,3,35
POLISH EAGLE ON SHIELD,4,35
BEARDED DRAGON,14,35
KNIGHT HOLDING SWORD AND SHIELD,7,35
BUTTERFLY,18,35
MAN WEARING SUNGLASSES AND CHAIN,1,35
ALBANIAN FLAG EAGLE,5,35
WORLD MAP,4,35
MAN WITH VAMPIRE TEETH,1,35
SKULL WITH SPIKES AND PISTONS,1,35
DOG HEAD,9,35
SCOOTER WITH CHRISTMAS TREE AND GIFTS,4,35
SKULL WEARING A LEPRECHAUN HAT,3,35
MOTHMAN SILHOUETTE,2,35
GLASS OF GIN AND TONIC,3,35
INK BOTTLE WITH DRIPPING LIQUID,1,35
DISTRESSED LOGO,2,34
DRUM KIT SILHOUETTE,3,34
REINDEER,8,34
MECHANICAL CHAMELEON,3,34
SHOE SILHOUETTE,4,34
DIVER SILHOUETTE,15,34
ELEPHANT,22,34
SKULL WITH GUITAR,7,34
DEER WITH BUTTERFLIES,3,34
LION AND MAN,2,34
SOVIET SPACE EMBLEM,3,34
PINK FURRY FEET,1,33
TIGER KICKING,4,33
DINOSAUR SILHOUETTE,12,33
'MAN' 'WOMAN' 'PARACHUTE',1,33
GUITAR PLAYER,8,33
BEER MUG WITH FOAM,7,33
BULLDOG,15,33
GOLFER HITTING BALL,5,33
CAT PAWS,3,33
DARTBOARD WITH ARROWS,8,33
THREE MONKEYS,6,33
SUN WITH SPIRAL,2,33
SKELETON IN SANTA OUTFIT,6,33
TWO PEOPLE FIGHTING,1,33
SANTA CLAUS PLAYING BASKETBALL,2,33
ELECTRIC GUITAR BLUEPRINT,2,33
DEMON RIDING A RAM,1,33
HANDS IN DIFFERENT COLORS,2,33
CROWN WITH UNION JACK,2,32
PINK FUR WITH BLACK SPINES,1,32
BONE,4,32
SAMURAI WARRIOR WITH SWORDS,7,32
BASKETBALL PLAYER SILHOUETTE,10,32
RUGBY BALL AND BEER MUG,16,32
HEART RATE MONITOR,5,32
DARTBOARD WITH CROWN,6,32
SKULL WEARING HELMET WITH WINGS,9,32
WOLF WITH TREE BRANCHES,6,32
GHOSTBUSTERS STAY PUFT MARSHMALLOW MAN,2,32
RHINO WITH TREES AND BIRDS,3,32
MUSCULAR MAN BREAKING THROUGH SHIELD,1,32
ANCHOR,9,32
MECHANICAL SKULL,3,32
SUGAR SKULL WITH SOMBRERO,1,32
GUN AND CAR,1,32
GUITARIST IN FLAMES,1,32
MAN WITH MONKEY MASK,2,32
CROW SKULL MOON IVY,1,32
TURTLE AND PLASTIC STRAWS,1,32
VITRUVIAN DRUMMER,1,32
PORTRAIT OF A MAN IN MILITARY UNIFORM,5,31
CLIMBER ON ROCK FACE,5,31
ANGRY UNICORN,3,31
BULLDOG WITH BRITISH FLAG,2,31
MONA LISA,5,31
RED SCOOTER WITH TARGET DESIGN,4,31
WRENCHES,5,31
RED SPORTS CAR,2,31
DRAGON HEAD,12,31
BRAZILIAN FLAG,10,31
ELF RIDING MOTORCYCLE,2,31
ROCK BAND CARTOON CHARACTERS,1,31
POTATOES WITH POLICE TAPE,1,31
'GUITAR' 'GUITAR' 'GUITAR',1,31
SKULL WITH RUGBY PLAYERS,4,31
CHILD RIDING EVOLUTION OF BIKES,1,31
DINOSAUR IN TOP HAT,4,30
PEACE SIGN WITH AMERICAN FLAG PATTERN,3,30
CLASSIC CAR,15,30
WHALE MADE OF PLASTIC WASTE,5,30
FRENCH BULLDOG,14,30
SKULL WITH WINGS AND BERET,3,30
DRAGON WITH FLOWERS,5,30
MUSHROOMS WITH FACES,7,30
CELTIC CROSS WITH RAVENS,5,30
BULLDOG IN MUSCULAR POSE,1,30
SKELETON RIDING MOUNTAIN BIKE,1,30
SKULL WITH GLOWING EYES,8,30
COWBOY ATTIRE,2,30
TWO MEN IN SUITS AND BOWLER HATS,3,30
CHILD PLAYING WITH DOLL,2,30
CLASSIC BICYCLE,2,30
CLAW MARKS,1,30
SKELETON HAND,2,29
BRAZILIAN JIU JITSU FIGHTERS,3,29
MAN AND CHILD HIGH FIVING,3,29
JASON VOORHEES,3,29
SAMURAI WARRIOR HOLDING SWORD,1,29
TURBOCHARGER COMPONENTS,4,29
GORILLA IN KARATE GI,5,29
BLACK CAT WITH BOWL,4,29
MAGICIAN WITH RABBIT AND MUSHROOM,3,29
FROG,8,29
MR TRUMP CARTOON CHARACTER,3,29
GUITAR TREE,7,29
RECORD,7,29
BUTTERFLY WITH UNION JACK PATTERN,6,29
SOLAR SYSTEM PLANETS,5,29
SUGAR SKULL WITH MIDDLE FINGERS,2,29
CELTIC CROSS WITH BIRDS,2,29
SPACE SHUTTLE,4,29
HUMAN EVOLUTION STAGES WITH CYCLIST,2,29
TRIANGLE WITH TWO PEOPLE,1,29
SKULL WITH MOTORCYCLE,3,28
SNOWMAN WITH GIFTS,3,28
SKULL WITH AMERICAN FLAG BANDANA AND PISTONS,2,28
'DOLPHINS' 'SUN',2,28
CHICKEN LIFE CYCLE,1,28
ASTRONAUT PLAYING GUITAR,7,28
T REX SILHOUETTE,5,28
JAZZ MUSICIAN PLAYING SAXOPHONE,3,28
PLAYING CARDS,11,28
TWO PEOPLE INTERACTING WITH A FLAG,1,28
CHARACTERS IN TRADITIONAL ATTIRE,2,28
FLAG WITH STARS AND STRIPES,16,28
RAINBOW LIPS DRIPPING,2,28
FLAG WITH TORN EFFECT,16,28
SEMI TRUCK,3,28
WHISKEY GLASS,5,28
NERDY GIRL HOLDING A MIRROR,1,28
TURTLE SOLDIER WITH WEAPONS,3,28
SCUBA DIVER SILHOUETTE,6,28
CHRISTMAS TREE WITH DECORATIONS,3,28
RACING CAR WITH LAUREL WREATH,1,28
PERSON WITH DRUM SET,1,28
MOTORCYCLE HELMET WITH SKULL,2,28
AMERICAN HOT ROD CAR,3,27
ETHEREUM LOGO,5,27
'SLOTH' 'DOG',1,27
MOTORCYCLE TIRE AND BEER BOTTLES,1,27
GORILLA LIFTING BARBELL,2,27
WOMAN WITH DRAGONS,1,27
SKULL WEARING FUR HAT WITH COMPASS,1,27
DRUNK UNCLE WITH BEER MUG,4,27
ALIEN MEDITATING ON A FLYING SAUCER,3,27
MOTORCYCLE RIDER PERFORMING A WHEELIE,2,27
GOLF CLUBS,4,27
SAMURAI WITH DOG AND DRAGON,4,27
EYE WITH CRACKS,1,27
SPARTAN HELMET WITH LAUREL WREATH,22,27
CLOVER WITH IRISH FLAG COLORS,2,27
WARRIOR WITH SWORD,4,27
GRIM REAPER HOLDING SCYTHE AND HOURGLASS,5,27
SKULL WITH BULLETS,1,27
BAR CODE WITH FISTS,2,27
POLISH EAGLE ON FIRE,2,27
STAINED GLASS WINDOW,1,27
RAVEN AND SHIP,8,27
DUMBBELL,2,27
SKULL WITH UNION JACK DESIGN,3,27
FISHING FISH WITH SANTA HATS,1,27
TOP HAT WITH IRISH FLAG SHAMROCK SUNGLASSES MUSTACHE,1,27
GERMAN SHEPHERD DOGS,1,27
RAINBOW HEART WITH HEARTBEAT LINES,1,27
UNION JACK MASK,1,27
YIN YANG WITH FISTS,2,26
SKELETON HOLDING HOURGLASS,1,26
SANTA CLAUS WITH BEARD,1,26
MILITARY AIRCRAFT,5,26
TARGET WITH CROSSED SWORDS AND BULLETS,3,26
SPARK PLUG WITH WINGS,6,26
CAT WITH HEART SHAPE,3,26
ROTTWEILER,10,26
ZEBRA IN JAIL,1,26
MAN IN SUIT WITH HAT AND SUNGLASSES,1,26
SEASHELLS,8,26
MUSCULAR GORILLA HOLDING WEIGHTS,1,26
CASSETTE TAPE CHARACTER WITH CANE,3,26
MAN BEING KISSED BY TWO WOMEN,1,26
HEART WITH PUZZLE PIECES,9,26
SKULLS WITH WINGS,3,26
SKULL WITH HORNS AND CROSSED AXES,2,26
CROSSED RIFLES WITH DEER SKULL,1,26
GREEN TRACTOR,8,26
ASTRONAUT PLAYING GUITAR IN SPACE,4,26
HEART WITH SPLATTER EFFECT,15,26
FROG WITH GLOWING PATTERNS,1,26
BEER MUG WITH HOPS,3,26
HELMET WITH HORNS AND INTRICATE DESIGN,1,26
AUTISM AWARENESS RIBBON,3,26
PISTONS,1,26
RAINBOW HEARTBEAT,2,26
SKULLS WITH MOTORCYCLE HELMETS AND WINGS,1,26
HUMAN EVOLUTION STAGES WITH RUGBY ELEMENTS,2,25
POLICE CAR WITH MEGAPHONE,1,25
HAND MAKING A FIST,3,25
BEARD SILHOUETTE,1,25
BASS FISH JUMPING,5,25
DURGA WITH MULTIPLE ARMS AND WEAPONS,3,25
GOLDEN EAGLE WITH LAUREL WREATH,4,25
SKELETON WEARING AUTISM AWARENESS RIBBON,2,25
EAGLE WITH LAUREL WREATH,11,25
SCUBA DIVER WITH FISH,4,25
BULL TERRIER,5,25
BIGFOOT SILHOUETTE,7,25
SMOKING TIRES,6,25
PLANES EXPLOSIONS TREES REINDEER,3,25
QUEEN WITH JOKER MAKEUP,2,25
SANTA CLAUS WITH A KISS MARK,4,25
SKELETONS WITH AUTISM AWARENESS COLORS,1,25
CROWN OF THORNS CROSS,5,25
BOB MARLEY WITH CANNABIS LEAVES,2,25
FERRET,8,25
HORSE WITH EXAGGERATED SMILE,2,25
PORTRAIT OF A MAN WITH LONG HAIR,1,25
PALM TREES STARS SCUBA TANKS,3,25
CAT IN A BOX WITH A LEVER,2,25
LEPRECHAUN HAT WITH CLOVERS,2,25
CROW MOON CANDLE SKULL BRANCHES,1,25
'FISHING ROD' 'FISH' 'FISHING ROD' 'FISHING ROD' 'FISHING RO,1,24
WOMAN HOLDING VINYL RECORD,3,24
RV,2,24
SHIH TZU,2,24
CROSS WITH MECHANICAL ELEMENTS,5,24
OCTOPUS PLAYING DRUMS,10,24
VINYL TURNTABLE,5,24
SKULL WEARING GAS MASK,4,24
RED CROSS WITH CLAW MARKS,5,24
MUSCULAR SANTA HOLDING A BAG,2,24
ORCA WHALE,12,24
FLAG WITH RIBBON,10,24
IRISH FLAG WITH CROWN AND RIBBONS,1,24
HEART WITH HEADPHONES,1,24
BARBELL WITH WEIGHTS,4,24
MUSHROOM WITH FACE,3,24
GRIM REAPER ON MOTORCYCLE,12,24
SKULL WITH SMOKE,6,24
SKULL WITH OCTOPUS TENTACLES AND SANTA HAT,1,24
MUSCULAR GORILLA LIFTING BARBELL,5,24
MUSCULAR MAN WITH KETTLEBELL AND WEIGHTS,1,24
KETTLEBELL WITH DOG FACE,2,24
MAYAN CALENDAR,1,24
VARIOUS MUSHROOMS,6,24
GORILLA WEARING HEADPHONES,4,24
ROCK BAND CHARACTERS CROSSING STREET,3,24
CANNABIS LEAF,5,24
EVOLUTION OF MAN,3,24
'BICYCLE' 'SWIMMER' 'RUNNER',1,24
WINE GLASS,3,24
STICK FIGURE CLIMBING LADDER,1,24
MJOLNIR HAMMER,1,24
SKULL WITH DIVING GEAR AND HELICOPTERS,6,23
KARATE KICK,9,23
HUMAN EVOLUTION WITH MOTORCYCLE,2,23
UNION JACK WITH CROWN,1,23
EAGLE WITH MOTORCYCLE ENGINE,4,23
SAMURAI WITH SWORD,4,23
TARGET WITH CROSSED RIFLES AND BULLETS,3,23
TREE WITH FLAGS,7,23
BOWLING PINS AND BALL,4,23
SHARK WITH CHRISTMAS LIGHTS AND SANTA HAT,3,23
SKULL WITH DRIPPING PAINT,9,23
POINTING FINGERS,1,23
VIKING HELMET WITH WINGS AND SWORDS,4,23
WOLF IN FOREST,8,23
MAN WITH METAL DETECTOR,11,23
REAPER ON MOTORCYCLE,1,23
WEIGHTS AND KETTLEBELL,2,23
JESUS CATCHING SOCCER BALL,3,23
YORKSHIRE TERRIER,10,23
PURPLE CAR,2,23
SLOTH HANGING,4,23
CLASSIC HOT ROD CARS,2,23
CARP FISH,2,23
RUGBY BALLS,1,23
STEAMPUNK CAT,6,23
TREE WITH LEAVES,5,23
PARAGLIDER IN FLIGHT,1,23
SANTA CLAUS WITH A KISS MARK ON HIS REAR,2,23
SKULL WEARING HELMET WITH AMERICAN FLAG,1,23
MELTED RUBIK'S CUBE,1,23
SKULL WITH FOOTBALL PLAYER SILHOUETTE,3,23
BRITISH FLAG CLAWS,1,23
MUSCULAR TORSO WITH CREST,1,22
CARTOON CYCLIST,1,22
SKULL MADE OF SMALLER SKULLS,1,22
DIRT BIKER ON MOTORCYCLE,2,22
WELSH DRAGON AND SHIELD,1,22
HAMMERHEAD SHARK,8,22
MAN IN SUNGLASSES AND HAT WITH HANDS RAISED,1,22
DRUM AND DRUMSTICKS,5,22
RACCOON,11,22
ENGLAND FLAG,3,22
UNION JACK FLAG WITH A FACE,3,22
HUMAN EVOLUTION WITH HUNTING SCENE,4,22
FACE OF A PERSON,1,22
ST GEORGE'S FLAG WITH KNIGHT AND DRAGON,4,22
GORILLA WEARING HEADPHONES AND SUNGLASSES,6,22
QUEEN ELIZABETH II AS THE JOKER,1,22
DACHSHUND,11,22
TRIDENT WITH TORN BACKGROUND,3,22
DELOREAN CAR,4,22
ENGLISH FLAG,5,22
CRICKET PLAYER,2,22
IRISH FLAG IN FLAMES,5,22
SKULL ON MOTORCYCLE,13,22
ROBOT HEAD,2,22
MOTORCYCLES WITH UNION JACK FLAG,2,22
'SCOOTER' 'BICYCLE' 'MOTORCYCLE' 'QUAD',1,22
MUSHROOMS RAINBOW FLOWERS ABSTRACT SHAPES,1,22
CROWN AND CANDLE,13,22
HUNGARIAN FLAG WITH CLAW MARKS,4,22
APERTURE ICONS,6,22
SOUTH AFRICAN FLAG WITH A LIGHTNING BOLT,2,22
SKULLS WITH WEAPONS,1,22
MAN WITH HELMET,2,21
AUSTRALIAN FLAG,8,21
SKYDIVER SILHOUETTE,3,21
DIVER IN SCUBA GEAR,9,21
WINGED HORSE,1,21
DOG PORTRAIT,17,21
GUITAR WITH PLANT ROOTS,4,21
SKELETON IN CHAINS,5,21
TARGET WITH CROSSED SWORDS,2,21
CIRCLE WITH GEOMETRIC SHAPES,1,21
PUG,10,21
FISH WITH FISHING ROD,4,21
GORILLA BOXING,2,21
CAR WITH SMOKE,6,21
CHAMELEON,3,21
TWO CROSSED SWORDS WITH WINGS,1,21
GRAY HOODIE,1,21
FLAMING COAT OF ARMS,2,21
T SHIRT DESIGNS,1,21
RUGBY PLAYERS HOLDING BALLS,1,21
GREEN AND YELLOW SUV,2,20
RV HEARTBEAT,2,20
SURFING SILHOUETTE WITH PALM TREES,2,20
CLIMBER SCALING CLIFF,1,20
FIST WITH TEXT,3,20
SPACESHIP UFO PLANETS,1,20
SKULL WITH BEARD AND HELMET,2,20
FRIES IN RED BASKETS,1,20
CTHULHU,3,20
PIRATE SKULL WITH SWORDS,4,20
POLICE OFFICER AND GIRL WITH CAT,3,20
SNOWMEN,8,20
TURTLE,12,20
HORSE HEAD,6,20
WOLVES,7,20
ENGLISH FLAG WITH HANDS,1,20
DOTTED SILHOUETTE OF A PERSON,1,20
TWO DOGS,12,20
HANDS TEARING FABRIC TO REVEAL FLAG,3,20
BIGFOOT RIDING A MOTORCYCLE,4,20
ANIME GIRL WITH CAR,6,20
ZEBRA AND PERSON HANGING LAUNDRY,1,20
HEART WITH STITCHES,6,20
CAPYBARA WITH BIRD AND APPLE,9,20
UNION JACK FLAG WITH DISTRESSED EFFECT,4,20
COAT OF ARMS WITH AUSTRALIAN FLAG,2,20
ABSTRACT DESIGN WITH GLITCH EFFECT,3,20
EAGLE WITH AMERICAN FLAG,10,20
POINTING HANDS WITH STARS,2,20
GUITAR AND AMPLIFIER,3,20
SAMURAI WARRIOR WITH KATANA,7,20
PERSON PADDLEBOARDING,7,20
JESUS HOLDING A SWORD,1,20
MARIJUANA LEAVES,1,20
DINOSAUR HOLDING BALLOON,12,20
CONSTRUCTION VEHICLES FORMING A CHRISTMAS TREE,7,20
MOUNTAIN BIKER JUMPING,4,20
RED ROSE WITH DARK LEAVES,7,20
RAINBOW STRIPES,2,20
MAN HOLDING BEER MUGS,6,20
SKULL WITH WEIGHTS,1,20
MEDUSA HELMET WITH INTRICATE DESIGNS,1,20
SWORDS WITH WINGS,1,20
SHIP WITH FLAMES AND RUNES,1,20
CARTOON FISHERMAN HOLDING BEER,1,20
SKULL WITH WINGS AND MOTORCYCLE HELMET,1,19
HIPPIE SMOKING A CIGARETTE,1,19
PAW PRINTS,7,19
CAT PLAYING DRUMS,8,19
AUDIO CASSETTE WITH TANGLED TAPE,1,19
GUITAR SILHOUETTE WITH COLORFUL REFLECTION,1,19
MOTORCYCLE WITH CHECKERED FLAGS,6,19
CAT MAKING SUSHI,4,19
EVOLUTION OF TRANSPORTATION,5,19
HUMAN EVOLUTION WITH BICYCLE,2,19
TREE WITH BRITISH FLAG LEAVES AND JAMAICAN FLAG ROOTS,3,19
CANADIAN FLAG,4,19
COLORFUL BUILDING BLOCKS,6,19
TORNADO,7,19
ISRAEL FLAG WITH DISTRESSED EFFECT,4,19
YELLOW SCHOOL BUS,6,19
PARROT IN FLIGHT,10,19
THREE GLASSES OF BEER,3,19
'SHEEP' 'COW' 'PIG',4,19
CAMERA HEARTBEAT,1,19
TAPE MEASURE,4,19
GREEN OFF ROAD VEHICLE,5,19
CAMPER AND TRUCK,1,19
ASTRONAUT IN A LIGHT BULB WITH A PLANET,1,19
FROG PLAYING BANJO ON MUSHROOM,3,19
CROW MOON TREES,1,19
RAVEN MOON SKULL CANDLE BRANCHES,2,19
KUNG FU FIGHTER IN A FIGHTING STANCE,1,19
VIDEO GAME CONTROLLER,8,19
SKULL WITH TENTACLES AND BAT WINGS,1,19
WOLF WITH CELESTIAL ELEMENTS,2,19
ZIMBABWE FLAG DESIGN,2,19
FACTORY LOGO,1,19
HORSE WITH RIDER AND BIRD,3,19
CARTOON FIGURE WEARING A HAT,1,19
SOUTH KOREAN FLAG WITH TAE KWON DO TEXT,1,18
TWO CHARACTERS FACING EACH OTHER,1,18
BIOHAZARD SYMBOL,3,18
COLORFUL TIGER,1,18
FIGHTER WITH TIGER,1,18
SKULL WEARING FUR HAT,2,18
BASKETBALL PLAYERS,4,18
DRUMMER WITH DRUM SET,6,18
ANGRY EMOJI WITH MIDDLE FINGER,2,18
TARGET WITH ARROW,4,18
ELEPHANT WITH INTRICATE PATTERNS,7,18
KNIGHT KNEELING WITH SWORD AND SHIELD,4,18
SLOTH SITTING,2,18
RAINBOW ELEPHANT WITH GLASSES,5,18
ELF HAT AND FEET,11,18
SILHOUETTES OF CATS,4,18
SCONES THRONE WITH CHEF,1,18
SCOTTISH FLAG WITH HANDS,1,18
GERMAN SHEPHERD WEARING SANTA HAT,4,18
BOXER WITH GLOVES,1,18
PENGUIN,8,18
SKULL AND CROSSBONES,16,18
SKULLS AND GUITARS,1,18
SKULL WITH SNAKE AND ROSES,7,18
PHOENIX,7,18
SKELETON WITH WRENCHES,1,18
SILHOUETTES OF ANIMALS,4,18
BULLDOG WEARING JERSEY,3,18
ITALIAN FLAG WITH LANDMARKS,3,18
HEADPHONES WITH DONUTS,3,18
HOT ROD PICKUP TRUCK,2,18
DRAGONS AND A RING,1,18
SKULL WITH DRUM SET,4,18
BRITISH FLAG WITH CLAW MARKS,2,18
CHICKENS,8,18
CROSSES,7,18
HEDGEHOG WEARING SUNGLASSES,3,18
BEE ON HONEYCOMB,5,18
WOMAN IN RED DRESS WITH CAR,1,18
BUDDHA IN LOTUS POSE WITH MANDALA,2,18
OCTOPUS ILLUSTRATIONS,9,18
NORTHERN IRELAND FLAG WITH HANDS,3,18
SKULL WITH SPIKES,4,18
SCOOTER WITH CHRISTMAS TREE,3,18
SKULL WITH BEARD,5,18
CASSETTE TAPE,6,18
SKULL WITH MOTORCYCLE GEAR AND GUNS,1,18
BEAR PLAYING GUITAR,2,18
CUSTOM HOT ROD,2,18
GUITAR WITH TREES AND CITYSCAPE,1,18
UNDERWATER SCENE WITH FISH,3,18
ANGRY EMOJI GIVING MIDDLE FINGER,1,18
CHE GUEVARA WITH SANTA HAT,3,18
GLOVED HAND HOLDING SHIELD,2,18
SILHOUETTE OF A PERSON FALLING,1,18
GLASS OF PROSECCO,3,18
BEER BREWING ELEMENTS,1,17
SPARTAN HELMET WITH CHAINS,4,17
HEART SHAPED TREE,5,17
SKULL WITH WINGS AND KETTLEBELL,1,17
GOLFER PUTTING,2,17
HUMAN EVOLUTION TO SCUBA DIVER,4,17
KNIGHT WITH SHIELD,1,17
MAN IN FIGHTING STANCE,2,17
MERMAID AND SHARK,5,17
MOUNTAIN BIKER RIDING BIKE,4,17
WORLD WAR II FIGHTER PLANE,3,17
BICYCLES,3,17
SUGAR SKULL,8,17
NUTCRACKER SOLDIERS,5,17
DINOSAURS,10,17
BOXING ELEPHANT,5,17
CAT WEARING HOODIE AND HOLDING GAME CONTROLLER,3,17
DRAGON MOON CLOUDS,2,17
CHIMPANZEE,8,17
TENNIS BALL WITH HEARTBEAT LINE,8,17
CHERRY BLOSSOMS,8,17
PHOTOGRAPH OF TWO PEOPLE,1,17
SQUIRREL PLAYING GUITAR,8,17
OM SYMBOL WITH BAMBOO,2,17
FLAG WITH STAR AND STRIPES,10,17
'CLOVER' 'BEER' 'POT OF GOLD' 'LEPRECHAUN HAT',1,17
DEER IN FOREST,4,17
SKULL WITH PLAYING CARDS,4,17
CAT IN ASTRONAUT HELMET,5,17
ABSTRACT DESIGN WITH INTERWOVEN PATTERNS,3,17
ASTRONAUT RIDING MOTORCYCLE IN SPACE,1,17
GANGSTERS,2,17
HELMET WITH SWORD AND SWIRLS,2,17
PIT BULL RESTING,2,17
JOKER FACE,1,17
ABSTRACT DESIGN WITH GEOMETRIC SHAPES AND A CENTRAL FIGURE,1,16
SKULL WITH HELMET AND GOGGLES,1,16
ASTRONAUT PLAYING DRUMS,3,16
RETRO GAMING CONSOLE WITH CONTROLLERS,2,16
GOLFER IN WATER HAZARD,2,16
BATMAN LOGO,4,16
FIST WITH DRUMSTICKS,6,16
GUITAR SKELETON,7,16
ASTRONAUT WITH BOOMBOX,4,16
SKELETON IN VITRUVIAN MAN POSE,3,16
GUITAR HEADSTOCK WITH SKELETON HAND,3,16
IRISH FLAG IN A CREST,3,16
SUNSET WITH REFLECTION,2,16
GOAT WEARING SANTA HAT AND SCARF,5,16
BITCOIN WITH SANTA HAT,5,16
BORDER COLLIE,11,16
DOG WEARING A HAT,4,16
BRAZIL MAP WITH FLAG,6,16
TREE,6,16
GRIM REAPER,8,16
MAN SMOKING CIGAR,3,16
PORTUGAL FLAG WITH SHIELD,5,16
FLAG WITH CURVED RIBBON,9,16
MAN WITH CIGAR,3,16
SKELETON PLAYING BAGPIPES,6,16
MAN AND WOMAN WITH CLASSIC CAR,6,16
KOI FISH WITH FLOWERS,7,16
MUSCLE CAR,4,16
GIRL WITH MUSHROOM HAT PLAYING GUITAR,2,16
FLAMING DRAGON,3,16
AIRPLANE,9,16
DJ JESUS,3,16
UNION JACK FLAG WITH CLAW MARKS,4,16
HANDSHAKE WITH RED TRIANGLE,2,16
GUITARS IN YIN YANG,3,16
SKULL WITH DIVING GEAR AND SHARKS,2,16
KUNG FU FIGHTER IN ACTION,2,16
SPANISH FLAG WITH FLAMES,3,16
MOTOCROSS RIDER PERFORMING A WHEELIE,2,16
GUITAR YIN YANG SYMBOL,1,16
CROSS WITH BIRDS,2,16
BEARDED MAN WITH WINGS,1,16
ASTRONAUT SURROUNDED BY PLANETS,3,16
MAP OF AFRICA,5,16
HAND WITH DRUMSTICKS,3,16
BUTTERFLY WITH FLAG PATTERN,2,16
SKULL WEARING HELMET WITH HORNS,2,16
STEAMPUNK MOTORCYCLE,2,16
FIST WITH WRENCH,1,16
OCTOPUS WEARING A BEANIE,1,16
WINGED WARRIOR HOLDING SWORD,2,16
BLACK CAT WITH RED EYES,3,16
IRON SHIELD WITH RED CROSS,1,16
MEDITATION FIGURE WITH GEOMETRIC PATTERN,1,16
SANTA CLAUS JUMPING WITH A RUGBY BALL,1,16
POTATOES WITH POLICE TAPE AND FRIES,1,16
DRAGON EXHALING SMOKE,1,16
CASSETTE TAPE WITH TANGLED TAPE,1,16
COWBOY AND COWGIRL DANCING,1,16
JEEP SILHOUETTES,1,16
MOTORCYCLE WITH GUITAR,3,16
TUPAC SHAKUR PORTRAIT,2,16
'ONIONS' 'CARROTS' 'BEETS' 'POTATOES',1,16
PEACE SIGN WITH AMERICAN FLAG,2,16
MAN TALKING TO UNICORN,1,16
SANTA'S SHORTS WITH BOW,1,16
AMERICAN FLAG WITH GUITAR HEADS,1,15
FISHING RODS AND FISH,4,15
HOT ROD TRUCK,1,15
LEOPARD,6,15
MAN PLAYING SOCCER,1,15
CARTOON FIGURE OF A MAN WITH BLONDE HAIR,1,15
SKULL WITH RED COLLAR AND CHAIN,1,15
GAME BOY,4,15
FLAMING NEW ZEALAND FLAG,5,15
DIRT BIKE,1,15
PANDA HOLDING FLOWERS,6,15
BICYCLE EVOLUTION,3,15
DIVING HELMET,8,15
'SWIMMER' 'CYCLIST' 'RUNNER',4,15
SKULLS WITH INTRICATE DESIGNS,7,15
ENGINE BLOCK WITH BEER CANS,5,15
SKULL WITH BRAIDED HAIR AND BEARD,3,15
PEACE SIGN,9,15
GREEN ALIEN WITH MIDDLE FINGER,3,15
PUNK WITH MOHAWK,5,15
HELICOPTER,6,15
GERMAN SHEPHERDS,10,15
BACON STRIP,5,15
BOAT WITH SAIL,1,15
SCOTTISH FLAG,4,15
LIZARD RIDING MOTORCYCLE,5,15
DINOSAUR,10,15
MOROCCAN FLAG,7,15
CHAMELEONS,11,15
JAMAICAN FLAG WITH CLAW MARKS,2,15
INDIAN FLAG WITH CLAW MARKS,5,15
ARCHER WITH BOW,1,15
WAVY RIBBON,6,15
BOXER DOG,11,15
MAN HOLDING BEER MUG,6,15
RED PANDA SLEEPING,4,15
SKULL WITH SCUBA DIVER INSIDE,3,15
ROCK CLIMBER SILHOUETTE,7,15
BIRDS ON BRANCHES,5,15
ANGEL WITH WINGS,10,15
KNIGHT WITH SWORD AND CROSS,6,15
SWORD AND HAND,2,15
MAN CLIMBING,5,15
ICE CREAM CONE WITH SKULLS,6,15
SKULL WITH DRUM,5,15
FISHING SCENE,3,15
DOLLAR SIGN WITH CIRCUIT BOARD DESIGN,1,15
HEART WITH FLAG,4,15
FLAG WITH STAR OF DAVID,3,15
FIREMAN CARRYING DRUMS UP STAIRS,2,15
FIRE EXIT SIGN WITH PERSON AND GUITAR,1,15
CYCLING RACE,1,15
SHARK UNDERWATER,6,15
MEDITATING AXOLOTL,6,15
ALIEN SMOKING,6,15
PIGEON,9,15
FISHING FISH,5,15
OCTOPUS SURFING,3,15
BEAR,5,15
PRAYING HANDS WITH PISTONS,2,15
HORSE WEARING SANTA HAT AND WREATH,5,15
AUDIO CASSETTE,3,15
BLUE FROG,4,15
SANTA CLAUS RIDING A MOTORCYCLE WITH A REINDEER IN A SIDECAR,3,15
PERSON SURFING,1,15
MANDOLINS,2,15
GALACTIC DRAGON,2,15
SKIING SILHOUETTE,4,15
NIGHT SCENE WITH MOON TREE AND CITY SILHOUETTE,1,14
SKELETON HAND GIVING MIDDLE FINGER,1,14
BRAZILIAN JIU JITSU TECHNIQUE,2,14
HUMAN EVOLUTION TO MOTORCYCLE,2,14
'TWO CARTOON RUGBY PLAYERS',1,14
BRITISH FLAG WITH FACE,1,14
SKULL WEARING FUR HAT WITH COMPASS AND SCYTHE,1,14
FLAME FLAG HAND CROWN,1,14
CAMERA MODE DIAL,4,14
SLOTH REACHING FOR SWIMMER,2,14
PHONE CALL INTERFACE,4,14
CATS,7,14
ANIME CHARACTER,7,14
HUMAN EVOLUTION STAGES WITH CRICKET BAT,3,14
BILLIARD TABLE WITH BALLS,2,14
TUBA,10,14
CHICKEN,8,14
SKULL WEARING VIKING HELMET WITH CROSSED AXES,2,14
CARTOON FRENCH BULLDOG,6,14
DINOSAUR SKULL WITH FLOWERS,7,14
RUSSIAN FLAG WITH CLAW MARKS,6,14
ABSTRACT TREE SILHOUETTE,3,14
SKELETON HAND MIDDLE FINGER,2,14
MUSCULAR BRAIN BREAKING THROUGH,1,14
EAGLE WITH FEATHERS,6,14
HANGING PLANTS,4,14
BIOHAZARD SYMBOL WITH CHAIN,6,14
LION WITH DREADLOCKS,9,14
WOMAN WITH DRAGON AND FLOWERS,3,14
DEMON SKULL WITH WINGS,1,14
EVOLUTIONARY PROGRESSION WITH VEHICLE,1,14
WINGS WARRIOR SHIELD,1,14
SKULLS GUITAR MICROPHONE ROSE,1,14
FISHING ROD AND BEER,3,14
STAR WITH RIFLE,1,14
SKULLS WITH ROSES,5,14
COG WITH BICYCLE AND SKULL,1,14
UNICORN WITH PUZZLE PIECES,4,14
METAL ICE CUBES,1,14
ASTRONAUT IN SPACE,7,14
AIRPLANES,5,14
BLUE BUTTERFLIES,4,14
PERSON PERFORMING A KICK,1,14
EAGLE WITH SHIELD,2,14
MALE AND FEMALE FIGURES,1,14
SKELETON FISHING,3,14
WIZARD IN FOREST,3,14
TRISKELION WITH RED SPLATTER,2,14
RUBBER DUCK WITH SPIKES AND RESTRAINTS,2,14
TATTOOED CHEST WITH WINGS,1,14
TWO FISH WITH SANTA HATS CHRISTMAS TREE SNOWMEN,1,14
ILLUSTRATED CHARACTER WITH STAFF,1,14
HAND HOLDING KNIFE,1,14
SKULLS WITH SAMURAI HELMET AND SWORDS,1,14
TIE WITH MUSTACHE,1,14
RUGBY BALL BEER MUG RUGBY BALL,1,14
HUMAN EVOLUTION WITH LAND ROVER,2,13
SANDWICH WITH CAPTAIN AMERICA SHIELD,1,13
JAMAICAN FLAG MUSCLES,2,13
SKELETON RIDING A MOUNTAIN BIKE,2,13
STREET ARTIST PAINTING,2,13
HEADPHONES WITH DONUT EARS,3,13
SKULL WITH CATS,5,13
FISHERMAN CATCHING A FISH,1,13
SNAIL PLAYING BANJO UNDER MUSHROOM,4,13
POODLE,4,13
TREE OF LIFE,7,13
SANTA LIFTING WEIGHTS,7,13
STEAMPUNK CAT WITH GOGGLES AND CLOCK,3,13
HEART WITH CROSS,5,13
SKULL WITH HELMET,5,13
DIRT BIKE RIDER JUMPING,1,13
CHIMPANZEE WITH HEADPHONES,2,13
STEAMPUNK SANTA,5,13
TWO INTERLOCKING RINGS,10,13
PEACE SIGN WITH FLOWERS,5,13
UKRAINIAN FLAG WITH CLAW MARKS,7,13
LEPRECHAUN HOLDING BEERS,4,13
SWISS FLAG WITH DISTRESSED EFFECT,6,13
FLAG OF PAKISTAN,6,13
SAFARI SCENE WITH GIRAFFE ELEPHANTS AND BIRDS,5,13
DJ MIXING MUSIC,7,13
PIZZA SLICE WITH RAINBOW,1,13
PUFFER FISH,6,13
BLACK CAT WITH CHRISTMAS LIGHTS,6,13
RUNNING HORSE,10,13
JUDO PRACTITIONER PERFORMING A THROW,2,13
AMERICAN FLAG EAGLE,6,13
JELLYFISH,7,13
PARROT WITH TROPICAL LEAVES,6,13
WOLF STANDING ON ROCK,3,13
BULGARIAN FLAG WITH CLAW MARKS,6,13
SWORD AND FIST,1,13
IRON CROSS WITH HAND HOLDING SWORD,1,13
THREE CYCLISTS,2,13
FISHING HOOKS WITH FISH WEARING SANTA HATS,3,13
GREEK FLAG IN HEART SHAPE,1,13
SKULL WITH MOTORCYCLE PARTS,2,13
CHEESE SLICES,1,13
KOI FISH,4,13
SILHOUETTES OF PEOPLE JUMPING,2,13
ATV,6,13
SUSHI,4,13
RAVEN AND SHIPS,5,13
BILLIARD BALLS IN A RACK,4,13
ALIEN IN UFO WITH PLANETS,2,13
ENGLISH FLAG WITH MUSCULAR CHEST,3,13
YIN YANG WITH CATS,3,13
OCTOPUS AND JELLYFISH,1,13
OCTOPUS WITH PLANETS,2,13
CAT HOLDING HEART,5,13
DRAGON WITH FIERY WINGS,5,13
SPANISH FLAG WITH EMBLEM,3,13
FINGER POINTING UPWARDS,1,13
SLEEPING PANDA,2,13
LION WITH STARS,1,13
PIXEL ART OF INVADERS AND SPACESHIPS,1,13
AMERICAN BULLDOG,4,13
WELDING GLOVES,1,13
ELF WITH GIFTS,1,13
DABBING SKELETON WEARING A GREEN HAT,2,13
SMURF HOLDING A BOTTLE,1,13
SKULLS AND CHAINS,1,13
MOTORCYCLE CARBURETOR,1,13
MAP OF ENGLAND WITH ROOTS,1,13
CHEESE SLICES WITH FACES,1,13
MOTORCYCLE RIDER ON DIRT BIKE,1,13
HAND GESTURE,1,13
PIXEL ART OF INVADERS AND SPACESHIP,1,13
WINGED BULL WITH RIDER,1,13
MAN HOLDING PIZZA,1,13
FIST POINTING UP,5,12
FLAMING AUSTRALIAN FLAG,4,12
GLASSES WITH PEACE SYMBOL,1,12
TWO HANDS GIVING THUMBS UP,5,12
WOMAN IN SANTA HAT HOLDING BEER MUG,2,12
PEACE SIGN WITH JLU,1,12
BADGE,2,12
GUITAR WITH PLANT GROWTH,2,12
CAT AND FIST BUMP,1,12
MOTOCROSS RIDER PERFORMING A JUMP,2,12
SKULL WITH GUITARS,4,12
DIRT BIKE WITH RIDER,1,12
EARTH WITH HEART,2,12
BATTERY ICON,9,12
CHIMPANZEE WEARING SNEAKERS,5,12
HUMAN EVOLUTION WITH FISHING,4,12
SKULL WITH HORNS AND SCOTTISH FLAG,4,12
CARTOON BAND PLAYING INSTRUMENTS,1,12
'GAME CONTROLLERS',2,12
PERIODIC TABLE ELEMENTS,7,12
FROG HIKING,3,12
MAN IN CANOE,3,12
UNION JACK WITH A FACE,2,12
TWO MEN IN A GRAPPLING POSITION,3,12
SKULL WITH FEATHER HEADDRESS,8,12
SANTA CLAUS LYING ON THE GROUND,2,12
GUINEA PIGS IN VARIOUS COSTUMES,3,12
CAT IN A BOX,5,12
FLAG WITH HANDS BREAKING THROUGH,1,12
SKULL WITH POMPADOUR DICE BRASS KNUCKLES AND KNIFE,1,12
TEDDY BEAR,6,12
BULLDOG WEARING SANTA HAT,4,12
SLEEPING HIPPO,5,12
CHIHUAHUA,7,12
ELEPHANT IN WATER,5,12
SKYDIVER,2,12
SKULL WEARING A HAT,6,12
FORMULA 1 RACE CAR,5,12
BUTTERFLY AND FLOWERS,6,12
FOX WEARING A HOODIE AND CAP,6,12
ELF FEET AND HAT,5,12
TARANTULA,6,12
GAME CARTRIDGE WITH HEADPHONES,1,12
KENYAN FLAG WITH SPEARS,4,12
BILLIARD BALLS AND CUES,3,12
BEARD WITH MUSTACHE,4,12
SAMURAI HELMET,1,12
ELEPHANT WITH HEADPHONES AND BOOMBOX,1,12
SKELETON PLAYING DRUMS WITH BATS,3,12
SKULL WITH WINGS AND MOTORCYCLE,4,12
MAN ON SCOOTER,3,12
TYRANNOSAURUS REX,5,12
MOTORCYCLE WITH UNION JACK DESIGN,7,12
ASTRONAUT SURFING,7,12
NORWEGIAN FLAG RIBBON,6,12
MOON PHASES,6,12
MAN IN KAYAK,4,12
SHIP'S WHEEL WITH GLOBE AND EAGLE,2,12
ABSTRACT LANDSCAPE WITH TREES AND WATER,1,12
CROSS WITH SWORD AND HAND,2,12
HORROR CREATURE,3,12
CATS IN SPACE WITH UFO,4,12
CROSSBOW,2,12
SKULL WITH DIVING GEAR,3,12
HOCKEY PLAYER SILHOUETTE,8,12
STRIPED RIBBON,7,12
JAZZ INSTRUMENTS,7,12
SNOWBOARDER HOLDING SNOWBOARD,8,12
SKULL WEARING CROWN,7,12
WEIGHTLIFTER LIFTING BARBELL,2,12
DJ PLAYING TURNTABLES,4,12
BRITISH FLAG WITH A FACE,1,12
BEAR IN FOREST,3,12
MILITARY AIRCRAFT WITH ROUNDEL,1,12
'GAME CONTROLLERS' 'JOYSTICK',2,12
ROLLER SKATE WITH WINGS,5,12
TWO GUITARS CROSSED,2,12
SKELETONS WITH AUTISM AWARENESS RIBBON,3,12
GRIM REAPER RIDING MOTORCYCLE,4,12
MARIJUANA PLANT,6,12
ST GEORGE'S CROSS,3,12
RIBS WITH ENGLAND FLAG,1,12
SKULL WITH MIDDLE FINGER GESTURE,1,12
UNION JACK WITH FACE,3,12
SKULL WITH BEARD AND WEIGHTS,1,12
KNIGHT WITH SWORD,4,12
SOCCER BALL WITH SANTA HAT,4,12
HEBREW LETTERS IN A GRID,3,12
PHOTOGRAPHERS IN VARIOUS POSES,2,12
CITYSCAPE WITH TREES AND MOON,2,12
FLAG DESIGN,4,12
SKELETON AND MERMAID HOLDING HANDS,2,12
CHE GUEVARA WEARING A SANTA HAT,1,12
GEOMETRIC UNICORN,1,12
SAUSAGE CHARACTER WITH HAT AND FLAG,1,12
KARATE FIGHTER IN UNIFORM,1,12
STICK FIGURE HOLDING A WRENCH,2,12
HAND HOLDING BABY SHOES,2,12
WOMAN HOLDING CARDS SITTING IN CAR,1,12
TENT AND CAMPFIRE,1,12
HUMAN FIGURE WITH SHADOW,1,12
MOTORCYCLES WITH CANADIAN FLAG,3,11
LAND ROVER DEFENDER,3,11
SKIER ON SLOPE,5,11
WIZARD SMOKING PIPE,1,11
CHESS PIECES AND A ROBOT,1,11
GORILLA HEAD WITH KETTLEBELL,4,11
SLOTH AND DOG,2,11
MAN IN SUIT AND HAT,2,11
MAN KICKING SNAKE,1,11
HULK'S CHEST,2,11
JUDO THROW,1,11
MUSCULAR FIGURE LIFTING WEIGHTS,5,11
FIST BUMPING,1,11
HUMAN EVOLUTION WITH PARAGLIDING,4,11
CATS IN A CHRISTMAS TREE,6,11
SKULL WITH OCTOPUS TENTACLES,7,11
STACKED SPEAKERS,4,11
EAGLE ON HEART,4,11
YELLOW NINJA FACE WITH RED HAIR,1,11
CARTOON CHESS PIECES,3,11
RACE CAR,8,11
QUEEN ELIZABETH II WITH A LIGHTNING BOLT,2,11
SAMURAI HELMET WITH CROSSED SWORDS,5,11
FALCON IN NEST,2,11
PIG,6,11
QUADCOPTER DRONE,3,11
STAR WITH PUZZLE PIECES,3,11
SANTA ON A DIRT BIKE,3,11
JESUS ON THE CROSS,5,11
ALLIGATOR,7,11
VALKNUT WITH RUNES,5,11
GUITARIST PLAYING ELECTRIC GUITAR,6,11
DEMON FACE,11,11
WOMAN WITH SKULL MAKEUP AND FLOWERS,3,11
TWO FIGURES IN A DRAMATIC SCENE,1,11
PLANTS AND WHEELBARROW,5,11
TREE WITH RABBIT SHAPE,2,11
PORTRAIT OF A PERSON WEARING A HAT AND CHAIN,1,11
NORWEGIAN FLAG WITH CLAW MARKS,5,11
BAT,6,11
FLAG WITH DOVE,2,11
SAFARI SCENE WITH GIRAFFE ELEPHANTS BIRDS AND TREES,3,11
SCOTTISH FLAG WITH CROWN AND RIBBON,2,11
SHARKS PLAYING POOL,5,11
TUPAC SHAKUR ILLUSTRATION,3,11
RADIATING YELLOW LINES,2,11
FLAMINGO IN WATER,5,11
SURFING WAVE,3,11
SKELETON IN ARMOR HOLDING A SWORD,2,11
HANDS IN PRAYER,2,11
TIGER WITH FLAG PATTERN,5,11
TREE WITH BRITISH FLAG PATTERN,3,11
LION WITH DREADLOCKS AND CROWN,4,11
AXES WITH NORSE SYMBOLS,3,11
SUGAR SKULL WITH FLOWERS,9,11
TURKISH FLAG WITH DISTRESSED EFFECT,3,11
MOOSE WITH TREES AND BIRDS,3,11
FLAMING UNION JACK,2,11
RIFLES CROSSED,1,11
SILHOUETTE OF A PERSON SHOOTING AN ARROW,1,11
BEER CAN,6,11
EAGLE HOT ROD WOMAN,4,11
PORTRAIT OF A PERSON WITH HEART SHAPED SUNGLASSES,4,11
TURNTABLE WITH FRIED EGG,2,11
SKULL WEARING A HELMET WITH AMERICAN FLAG DESIGN,1,11
CANADIAN FLAG IN A BEAR'S PAW,1,11
UNION JACK FLAG IN A HEART SHAPE,1,11
MAN FLY FISHING,1,11
HULK'S FIST BREAKING THROUGH FABRIC,1,11
GUITARS IN YIN YANG SYMBOL,1,11
CYPRUS FLAG WITH OLIVE BRANCHES,4,11
JAMAICAN FLAG,2,11
LIGHTNING BOLT AND SWITCH,2,11
ABSTRACT DESIGN WITH FLOWING LINES AND SHAPES,3,11
BISON HEAD,5,11
BEAGLE,8,11
BUDDHA IN LOTUS POSE,3,11
MOUNTAIN BIKER ON CLIFF,5,11
SKULL WITH BEARD AND SYMBOLS,2,11
THOR'S HAMMER WITH RUNES AND CELTIC KNOTS,1,11
FIST BUMPS,1,11
WOLF WEARING SANTA HAT,4,11
LEMUR,4,11
CANADIAN FLAG WITH CLAW MARKS,3,11
PANDA WEARING SUNGLASSES,4,11
RAINBOW FLAG WITH ARROW,4,11
ENGLAND FLAG WITH EAGLE,1,11
SANTA ON SCOOTER WITH LIGHTS,2,11
FLAG WITH LION,1,11
A HORSE WITH COLORFUL ABSTRACT PATTERNS,2,11
SHARK AND DIVER,3,11
RED DEMON,2,11
FINGERPRINT WITH UK FLAG COLORS,1,11
YELLOW MUSCLE CAR WITH OPEN HOOD,2,11
DOBERMAN PINSCHER,4,11
DRAGON PLAYING GUITAR,3,11
JESUS WITH RAISED HAND,3,11
CROSSED FISHING HOOKS,2,11
VIKING WARRIOR WITH ARMOR AND SKULL,1,11
TURTLE SOLDIER WITH RIFLE,1,11
WOLF AND SKULL,1,11
VINYL RECORD,2,11
TURTLE WITH MUSHROOMS,1,11
SLOVAKIA FLAG WITH TORN EFFECT,2,11
MOROCCAN FLAG WITH DISTRESSED EFFECT,1,11
HUMAN EVOLUTION SEQUENCE,1,11
PUG HOLDING BONE,1,11
GRIM REAPER HOLDING SCYTHE CHAINED TO DOG,1,11
COLORFUL CANNABIS LEAF,1,11
UNION JACK FLAG WITH MUSCULAR CHEST,1,11
MAN PUPPETEERING A SMALLER FIGURE,1,11
POINTING HANDS WITH CHEF HAT,1,11
SKELETON HAND MAKING PEACE SIGN,1,11
CROSSED CHECKERED FLAGS,1,10
KOREAN FLAG WITH TAEKWONDO TEXT,1,10
FATHER AND CHILD SILHOUETTE,1,10
DRAGON WITH BOOKS,2,10
SAMURAI PLAYING BASKETBALL,1,10
FLAMING CANADIAN FLAG,3,10
TRIATHLON ICONS,4,10
BLUE RABBIT,7,10
HOT DOG CHEF HOLDING BEER,2,10
PURPLE HIPPO SLEEPING,5,10
OCTOPUS ATTACKING ASTRONAUT,2,10
AUSTRALIAN FLAG WITH MUSCULAR CHEST,4,10
SHARK EATING DIVER,4,10
AFRICAN SAVANNA SCENE WITH ANIMALS AND TREES,5,10
DRUMMER PLAYING DRUMS,6,10
SKELETON WITH ANCHOR,1,10
CAR WITH CHRISTMAS TREE,4,10
MOUNTAIN BIKE,2,10
KRAMPUS FIGURE WITH CHILDREN,5,10
SKELETON WEARING SANTA HAT,4,10
AMERICAN FLAG HEART,4,10
PICKLE PLAYING PICKLEBALL,4,10
DEMON WITH WINGS,7,10
DJ TURNTABLE,2,10
EAGLE IN FLIGHT,6,10
SCARY CLOWN,4,10
WINGS AND SHIELD,5,10
RELIGIOUS SCENE,3,10
FANTASY CREATURE HOLDING STAFF,2,10
GUITAR SILHOUETTE,4,10
FEMALE GENDER SYMBOLS AND HEARTS,4,10
GRINCH FACE WITH SANTA HAT,2,10
SUSPENDERS WITH BEER MUGS,2,10
TWO MEN HOLDING BEER MUGS,4,10
STICK FIGURES ROASTING SAUSAGES,4,10
COLORFUL TRAIN,4,10
ANGRY SANTA WITH REINDEER,2,10
TWO PEOPLE ON A SCOOTER,4,10
SKULL WITH HAIR,6,10
MUSHROOMS AND PLANTS,6,10
GRAMOPHONE,6,10
BULL HEAD,7,10
LEPRECHAUN POINTING,5,10
WEIGHTLIFTING BARBELL,3,10
CLOVER WITH COLORS,1,10
TREES,3,10
PARAGLIDER FLYING,5,10
CAMERA WITH CITYSCAPE,2,10
PIXEL ART CHARACTERS,5,10
INTERLOCKING TRIANGLES,2,10
DOG WITH BEARD,4,10
SKULL WITH CHEF HATS AND UTENSILS,2,10
ARCADE GAME PLAYER,1,10
FROG ON MUSHROOMS,4,10
GUITAR AND BASS,1,10
ATV RIDER,7,10
PUMPKIN WITH STEAMPUNK GOGGLES AND TOP HAT,2,10
CROW ON BRANCH,3,10
BIKER RIDING DOWNHILL,5,10
PINK RIBBON WITH FLOWERS,5,10
WOMAN DRINKING FROM A CUP,1,10
MAN WITH MASK,1,10
COCKER SPANIEL WEARING SANTA HAT,3,10
TRIATHLON ATHLETES,5,10
COW,6,10
FLAG WITH LION AND CROWN,1,10
FLAG WITH RED AND WHITE STRIPES,3,10
AFGHAN FLAG WITH DISTRESSED EFFECT,3,10
SOLAR SYSTEM WITH BEER,3,10
HAND MAKING A PEACE SIGN,3,10
SAILBOAT BEING ATTACKED BY TENTACLES,2,10
DRAGONFLY,3,10
SKULL WEARING TOP HAT,4,10
SLOTH SLEEPING,5,10
LEPRECHAUN RIDING UNICORN,4,10
MONSTER WITH JETS,1,10
HIGHLAND CATTLE,3,10
HIGHLAND COW WITH GLASSES AND FLOWERS,1,10
COW WITH HEADPHONES,4,10
TELEVISION TEST PATTERN,3,10
8 BALL,3,10
DRAGON WITH COMPASS,3,10
GHOSTS WITH BEE FEATURES,2,10
PEACE SIGN WITH FLOWERS AND BIRDS,4,10
SNOWBOARDER WITH BACKPACK,2,10
VIKING WITH HORNS,2,10
TWO THUMBS UP WITH STARS,5,10
MAN BOWLING,2,10
SKELETONS AROUND A FIRE,2,10
SKULL WEARING HELMET WITH AMERICAN FLAG AND WRENCH,1,10
'MAN' 'WOMAN' 'GOLFER',1,10
'MAN' 'WOMAN' 'CRICKET PLAYER',1,10
CHIMPANZEE IN SNEAKERS,1,10
DOMINICAN FLAG WITH EMBLEM,2,10
SKELETON HOLDING A STAFF AND A LANTERN,1,10
'DOG' 'WAITER' 'CAT',1,10
FIST WITH HAND GESTURE,1,10
MOUNTAINS BOAT PERSON PAGODA SUNSET,1,10
LEPRECHAUN HAT WITH POT OF GOLD,1,10
GREEN GLOWING SKULL,2,10
POLITICAL FIGURES POINTING AT A WOMAN AND CHILDREN IN A DEST,1,10
SAMURAI HELMET WITH SWORDS AND SKULLS,1,10
SKULLS SAMURAI HELMET SWORDS TORII GATE,1,10
'AIRPLANE' 'TENT' 'CAMPFIRE',1,10
MOTORCYCLES WITH AUSTRALIAN FLAG,2,9
TAEKWONDO KICK,4,9
WOMAN HOLDING BEER MUG,1,9
HEART MADE OF BICYCLE CHAIN,4,9
SKULL AND CROSSBONES GUNS BASEBALL CAP,1,9
CHAINS,1,9
CIRCLE WITH ABSTRACT DESIGN,2,9
PERSON HOLDING BANANAS,1,9
CHESS PAWN,4,9
WINGS AND MUAY THAI FIGHTER,1,9
FOOTBALL PLAYER,3,9
GANESHA ILLUSTRATION,5,9
RECORD IN WATER,4,9
IRISH FLAG WITH FLAMES,1,9
DINOSAUR WITH MICKEY MOUSE EARS,4,9
BRITISH FLAG WITH SPITFIRE AIRCRAFT,4,9
BEER MUG WITH UNION JACK FLAG,5,9
MUAY THAI FIGHTER PERFORMING A KICK,2,9
PARATROOPERS WITH PARACHUTES,5,9
MONA LISA FLEXING MUSCLES,4,9
PEANUT JUGGLING BANANAS,2,9
RACCOONS IN A TREE,4,9
RED TRACTOR WITH BARN AND MOUNTAINS,2,9
HAND HOLDING WINE GLASS,1,9
TREE WITH ROOTS AND HEARTS,3,9
CAT WITH NOODLES,6,9
MOTORCYCLES WITH WELSH FLAG,5,9
VIKING WARRIOR WITH AXE AND WOLF,3,9
RED CAR WITH LUGGAGE RACK,3,9
RETRO VIDEO GAME CONTROLLER,2,9
RAINBOW FIST IN HEART,2,9
SKELETON WEARING AUTISM AWARENESS PUZZLE PIECE SHIRT,1,9
SKULL WITH CANDY CANE,2,9
BADGER,6,9
SASQUATCH SILHOUETTE,5,9
PIKE FISH,4,9
SKULL WITH AMERICAN FLAG DESIGN,7,9
ROARING BEAR,4,9
HEART WITH SCOTTISH FLAG,4,9
UNICORN HOLDING CUPCAKES,6,9
SKELETON HOLDING CAMERA,7,9
OWL READING A BOOK,2,9
SANTA CLAUS WITH CANDY CANES,4,9
AMERICAN FLAG BASEBALL,5,9
YIN YANG SYMBOL WITH CELESTIAL IMAGERY,3,9
PIXEL ART OF A GAME,1,9
LIZARD,5,9
AMERICAN FLAG WITH CROWN AND RIBBONS,2,9
IRISH FLAG WITH CROWN AND RIBBON,1,9
HEADPHONES WITH GUITAR,5,9
GUITAR WITH FOREST SILHOUETTE,4,9
DIVER INSIDE SHARK,4,9
SKULL WITH WINGS AND MOTORCYCLE WHEELS,2,9
HAND HOLDING SWORD,2,9
SKULL WITH ROSES AND CROWN,6,9
SMILING MAN IN UNIFORM,2,9
PINEAPPLE SKULL,4,9
SLOTH,5,9
MARIJUANA LEAF WITH HEARTBEAT,4,9
KNIGHT IN ARMOR WITH SWORD AND SHIELD,4,9
HEART WITH GHANA FLAG COLORS,2,9
CORGI DOG,7,9
FISHING BOAT WITH PERSON FISHING,3,9
HELICOPTER FLYING OVER PALM TREES,1,9
MOUNTAIN WITH LEAVES,2,9
SPADE WITH ABSTRACT DESIGN,2,9
HUMAN EVOLUTION STAGES WITH GOLF CLUB,1,9
FIRE TRUCK,1,9
MOTORCYCLE RIDER WITH WINGS,2,9
MUSHROOM FOREST,5,9
FLAG WITH BIRD,8,9
EAGLE ON MOTORCYCLE,1,9
WOMAN WITH BOOKSHELF HAIR,4,9
STRONG WOMAN WITH PUZZLE PIECES,2,9
WARRIOR WITH SWORD AND DEMON,2,9
CROSS WITH CHAINMAIL BACKGROUND,1,9
WOMAN HOLDING CARDS CAR,2,9
ABSTRACT FLORAL DESIGN,4,9
RED ROSE WITH GREEN LEAVES,4,9
CARTOON RACCOON,5,9
TWO DRAGONS IN A YIN YANG SYMBOL,2,9
AQUARIUM WITH FISH AND CORAL,5,9
ATOM WITH HEART,6,9
POTTED PLANTS,5,9
HOT DOG WITH SAUSAGE,3,9
FLAMING GERMAN FLAG,4,9
ABSTRACT SHAPES,5,9
SKATEBOARD HELMET,1,9
ISRAEL FLAG WITH MUSCULAR CHEST,1,9
RAINBOW GRADIENT,2,9
MAN HOLDING SIGN,4,9
SANTA CLAUS DANCING,5,9
WOMAN HOLDING GUN,3,9
CELTIC CROSS WITH FLORAL ELEMENTS,4,9
MOON WITH FEATHERS AND STARS,2,9
'BILLIARD BALLS' 'BEER MUG' 'POOL CUE',3,9
FATHER AND DAUGHTER EMBRACING,1,9
HUMAN EVOLUTION WITH DRUMS,3,9
HUMAN EVOLUTION WITH GUITAR,2,9
REPEATED LIZARD WEARING SANTA HAT,1,9
ALBANIAN EAGLE,2,9
SANTA RIDING A UNICORN ON A RAINBOW,3,9
AIRCRAFT,3,9
SKELETON HOLDING BEER MUG,3,9
WELDER WELDING,2,9
MECHANICAL GEARS,2,9
MOTORBIKE RIDER,3,9
MOUNTAINS,3,9
SKULL WITH WELSH FLAG AND SANTA HAT,1,9
SPARTAN HELMET WITH RED MOHAWK AND SWORD,1,9
THE SCREAM PAINTING WITH A PUPPET,1,9
RED FLOWERS WITH WHITE OUTLINES,1,9
BLUE AND WHITE SPORTS CAR,1,9
YELLOW CRAYON,2,9
HANDPRINT,1,9
SPACE EMBLEM,1,9
CIRCLE WITH STAR AND CROSS,1,9
FLAG WITH ROCKETS,2,9
GHANA FLAG RIBBON,2,9
CAT FIST BUMPING HAND,1,9
SANTA WITH SOMBRERO,1,9
'WALKING' 'BIKING' 'MOTORCYCLING' 'RIDING',1,9
WOMAN PETTING HORSE,2,9
A HORSE WITH COLORFUL FOLIAGE,1,9
PANTHER,2,9
BRITISH FLAG,1,9
UK FLAG,1,9
SANTA CLAUS AS A MONSTER,2,9
GRIM REAPER RIDING A TRICYCLE,2,9
COAT OF ARMS WITH FLAG COLORS,1,9
WOMAN WITH SWORD FANTASY SETTING,1,9
WIZARD WITH COLORFUL HAT,1,9
GRANDFATHER AND CHILD PLAYING,2,9
HIGHLAND COW WITH SUNGLASSES AND FLOWERS,1,9
SKULL WITH RUGBY PLAYERS INSIDE,1,9
MAN PERFORMING PARKOUR,1,9
MOTORCYCLE HELMET WITH CROSSED BONES,1,9
ASTRONAUT SURROUNDED BY ALIEN HEADS,1,8
TWO PEOPLE PRACTICING MARTIAL ARTS,5,8
KOREAN FLAG WITH TAEKWONDO SYMBOL,1,8
MAN FIXING TV,1,8
BLUE DRAGON ON BOOKS,1,8
ABSTRACT DESIGN WITH WINGS AND STRIPES,1,8
GAME CONTROLLERS,4,8
TRUCK WITH DONUT MOTORCYCLES,2,8
FLAMING WELSH FLAG WITH DRAGON,1,8
STOMACH WITH ENGLAND FLAG,1,8
GEAR AND CHAIN,2,8
DIVING HELMET WITH ANCHOR,4,8
HEADPHONES AND GAME CONTROLLER,4,8
PAW PRINT WITH CANNABIS LEAVES,4,8
PANDA ON BAMBOO,3,8
BATTERY WITH COFFEE BEANS,4,8
WINGS SKULL CROSS,3,8
GUITAR AND BASS GUITAR,1,8
SILHOUETTES OF TWO CATS,1,8
HEADPHONES WITH DONUT DESIGN,1,8
BEAGLE DOG,5,8
RED SNEAKERS,2,8
TATTOO MACHINES,4,8
RED PANDA WITH CAMERA,1,8
FROG ON MUSHROOM,5,8
DOGS CROSSING STREET,2,8
TREE WITH BRITISH FLAG,4,8
SKULL WITH WINGS AND FLORAL ELEMENTS,3,8
BUDDHA HEAD WITH LOTUS FLOWERS,4,8
FOX WITH INTRICATE PATTERNS,3,8
DEMON MASK,4,8
ANIME GIRL WITH HEADPHONES,3,8
RAVEN ON A TOMBSTONE WITH A FULL MOON AND CANDLES,2,8
MAN WEARING A CAP AND JACKET,1,8
BLOODY ROSES,4,8
NATIVE AMERICAN CHIEF WITH COLORFUL HEADDRESS,2,8
FRENCH BULLDOG HOLDING A BASKETBALL,3,8
ATOM WITH ORBITING ELECTRONS,6,8
OCTOPUS WITH CANS,2,8
BOAT WITH PERSON FISHING,2,8
FLAG WITH TORN EDGES,5,8
FLAG WITH LION AND SWORD,3,8
FLAG WITH RED RIBBON,7,8
SOCCER BALL WITH GERMAN FLAG,7,8
BINOCULARS WITH BIRDS,4,8
HUMAN EVOLUTION WITH METAL DETECTOR,3,8
SKULL WITH CROSSED ARROWS,3,8
CONSTELLATION,2,8
SMILEY FACE WITH TREES,4,8
UK FLAG WITH BOOTS,3,8
CROW MOON SKULL TOMBSTONE,1,8
SANTA CLAUS RIDING A MOTORCYCLE,4,8
VIKING COMPASS,5,8
CROW ON BRANCH WITH MOON AND CLOUDS,4,8
DOG WITH FLORAL WREATH,3,8
SKULL WITH HANDS,3,8
SUGAR SKULL WITH SOMBRERO AND FLOWERS,6,8
UNICORN SURFING,4,8
EAGLE WITH HEADDRESS,5,8
SKULL WITH MOTORCYCLE ENGINE,3,8
MONSTER,5,8
YELLOW BRICK WITH EYES AND HAIR,2,8
SKULL WITH MECHANICAL PARTS,5,8
SKELETON WITH GREEN MUSIC NOTES,1,8
PERIODIC TABLE ELEMENTS ARRANGED IN A CHRISTMAS TREE SHAPE,3,8
WRENCHES AND GEAR,2,8
MAP WITH FLAG AND ROOTS,4,8
FINGER GESTURE,3,8
MIDDLE FINGER GESTURE,5,8
PORTUGUESE FLAG IN A LION'S MOUTH,1,8
FISTS IN CHAINS,1,8
JUNGLE ANIMAL,3,8
SAUSAGE WITH SUNGLASSES,1,8
KENYAN FLAG RIBBON,5,8
PEACE SIGN HEART PUZZLE PIECE,3,8
COINS WITH LEGS AND ARMS,1,8
MIDDLE FINGER EMOJI,3,8
KNIGHT HOLDING FLAG AND SHIELD,3,8
DANDELION SEEDS,3,8
PUZZLE PIECES FORMING A HEART,5,8
BUDDHA WITH MANDALA,2,8
FISHING HOOKS,2,8
GLASSES,3,8
MAN WEARING A HAT AND CHAIN,1,8
CAT WEARING SANTA HAT,5,8
PING PONG PADDLE AND BALL,4,8
DACHSHUND DOG,4,8
LION WITH ORNATE MANE,4,8
FLAG WITH BIRD AND ARROWS,1,8
LATVIAN FLAG WITH CLAW MARKS,3,8
SKULL WITH GUNS AND FLAMES,3,8
UNICORN WITH RAINBOW MANE,3,8
ANIME CHARACTER WITH CAT,2,8
BICYCLE HEARTBEAT,6,8
HAND MAKING ROCK SIGN WITH SANTA HAT,2,8
SHARK WITH OPEN MOUTH,3,8
GANESHA PLAYING GUITAR,3,8
GIRL SKATEBOARDING,3,8
DOGS,5,8
PARKOUR SILHOUETTE,2,8
YELLOW BUS,6,8
PORTUGUESE FLAG IN A FIST,1,8
ISRAELI FLAG,4,8
JOKER WITH CARDS,2,8
BICYCLE CHAIN AND LUNGS,1,8
JEEP WITH JURASSIC PARK LOGO,1,8
GOLDENDOODLE,2,8
CATS ON MUSICAL NOTES,1,8
SKULL WITH TOP HAT AND BONES,3,8
VIKING WARRIOR WITH HORNS AND AXE,1,8
DRAKKAR SHIP,4,8
POLICE MOTORCYCLE,1,8
HANDSHAKE,2,8
CIRCULAR EMBLEM WITH RUNES AND A SHIP,1,8
SKULL WITH HORNS AND FLAG,2,8
CROSSES WITH 'BLESSED' TEXT,1,8
YETI SURFING,1,8
DESERT LANDSCAPE WITH ROCK FORMATION CACTI AND ANIMALS,2,8
SKULL WITH ACCESSORIES,1,8
FROG MEDITATING,2,8
DINOSAUR ELEPHANT TRAIN,1,8
SKULL WITH BIOHAZARD SYMBOL AND AXES,1,8
NERDY CHARACTER WITH GLASSES AND A BOOK,1,8
SKULL WITH PLAYING CARDS AND DICE,1,8
MAN WEARING A CAP,1,8
CAR WITH POLICE LIGHTS,1,8
SKUNK WITH PINK TENTACLES,1,8
MAN SHOOTING BOW AND ARROW,1,8
AMERICAN FLAG WITH DRIPPING PAINT EFFECT,1,8
GRAFFITI STYLE DESIGN,2,8
SNAKES,1,8
FLAG WITH LION AND SHIELD,1,8
PORTRAIT OF A PERSON WITH A CHEF'S HAT,3,8
CROATIAN FLAG WITH COAT OF ARMS,1,8
WOMAN SURROUNDED BY TREES AND NATURE,1,8
CAT WITH MECHANICAL ELEMENTS,1,8
JOKER LIKE FIGURE WITH CARDS,1,8
FROG WITH BEARD,1,8
POODLE WITH HEADPHONES,1,8
DEER SKULL WITH FISH AND ANTLERS,2,8
AIRPLANE DROPPING PARACHUTES,1,8
VINYL RECORD IN WATER,1,8
UNION JACK FLAG IN A TIGER'S MOUTH,1,8
TWO MEN WITH WEAPONS,1,8
SKULL WEARING HELMET WITH CROSSED PISTONS AND BONES,1,8
ITALIAN FLAG IN A MUSCULAR CHEST,1,8
SKULL HOLDING GUN,1,8
SKULL PLAYING GUITAR IN GRAVEYARD,1,7
SKULL WITH MOTORCYCLE HELMET,2,7
BICYCLISTS IN A CITYSCAPE,1,7
EAGLE WITH WINGS SPREAD HELMET AND ROSES,1,7
CHAINMAIL CROSS SWORD SHIELD,5,7
DRUM SET WITH ASTRONAUT HELMET,1,7
CYBORG SKULL,1,7
LLAMA WEARING SUNGLASSES,2,7
RED TRUCK WITH CHRISTMAS TREE,2,7
SHEEP WITH RAINBOW,2,7
SANTA IN A SLEIGH PULLED BY VELOCIRAPTORS,4,7
HOODED WARRIOR WITH CHAINS,1,7
SANTA CLAUS WITH A GRUMPY EXPRESSION,1,7
BOOTS ON UNION JACK FLAG,1,7
RUSSIAN FLAG WITH CLAWS,1,7
EYES WITH WINGS,1,7
SKULL WEARING HELMET WITH CROSSED SWORDS,3,7
SPARTAN WARRIOR SILHOUETTE,1,7
TWO BEARS HUGGING,5,7
HEART RATE MONITOR WITH ARROW,4,7
BEAKER WITH FACE,3,7
URBAN STREET SCENE WITH PEOPLE AND BUILDINGS,3,7
CAT WEARING AVIATOR GOGGLES AND HELMET,1,7
PIRATE SKULL WITH HAT AND FEATHERS,2,7
FOOTBALL PLAYER HOLDING BALL,1,7
CUTE DRAGON,2,7
BULLDOG WEARING AVIATOR GOGGLES,4,7
MONSTER WITH TENTACLES,3,7
PUNCHING FIST,3,7
JAGUAR,4,7
MOTORCYCLE RIDERS PERFORMING STUNTS,2,7
HUMAN EVOLUTION STAGES WITH HUNTING ELEMENTS,2,7
HELMET WITH EAGLE,2,7
BANANAS,1,7
BITCOIN COINS,3,7
FOX AND TREE,1,7
CROSS,4,7
SKULL WITH UNION JACK PATTERN AND SANTA HAT,1,7
ALBANIAN FLAG WITH EAGLE,2,7
PYRAMID WITH UFOS,2,7
FISH JUMPING,3,7
CROSS WITH DOVE AND ROSES,4,7
GOLDEN RETRIEVER,6,7
SKULL WITH DREADLOCKS,5,7
ANIME GIRL SITTING NEXT TO A CAR,4,7
PHILOSOPHER POINTING,5,7
BICYCLISTS RIDING,1,7
AMERICAN FLAG WITH DISTRESSED EFFECT,3,7
FIRE RING,2,7
BRITISH FLAG WITH A WOLF,1,7
DOG WITH AMERICAN FLAG,5,7
JOKER HOLDING CARDS,2,7
AIRCRAFT CARRIER WITH FIGHTER JET,3,7
SHAR PEI DOG,5,7
BABY IN DIAPER,4,7
LION AND SWORD,2,7
GUYANA FLAG,2,7
CAR WITH SMOKING TIRES,1,7
KNIVES,6,7
SKULL WITH TENTACLES,5,7
WOMAN HOLDING SWORD,2,7
COLORFUL SKULL WITH FLORAL AND LEAF PATTERNS,5,7
DOGS WEARING SANTA HATS,3,7
AUTISM RIBBON,4,7
CHRISTMAS TREE WITH STAR,1,7
MAN SMOKING,5,7
SKULLS AND GUITAR,4,7
SKULL WEARING A HELMET WITH WINGS,4,7
SKULL WITH FLAG DESIGN,4,7
SKULL WITH TOP HAT AND CROSSBONES,1,7
SILHOUETTE OF A RUNNER,2,7
CORGI WEARING AVIATOR GOGGLES,3,7
COMBAT BOOTS WITH DOG TAGS,5,7
SCOOTER RIDER,4,7
EAGLE FLYING OVER MOON,3,7
ROLLER SKATES,5,7
CLAW MARKS WITH FLAG COLORS,2,7
RADIATING LINES,4,7
TEST TUBES AND BEAKER,4,7
SKULL WEARING LEPRECHAUN HAT WITH BEER MUGS,1,7
VINTAGE CAMERAS,3,7
CROSS WITH INTRICATE PATTERNS,3,7
MOTORCYCLES WITH SCOTTISH FLAG,4,7
SKELETON EVOLUTION WITH SKATEBOARD,1,7
GUITAR SHAPED MUGS,1,7
MUSCULAR FIGURE IN CHAINS,1,7
INDIAN FLAG,2,7
LUNGS WITH BICYCLES,1,7
YELLOW HOT ROD CAR,2,7
SKULL WEARING PIRATE HAT,4,7
HORSES AND RIDERS,4,7
FLAG WITH LAYERED DESIGN,3,7
ANCIENT EGYPTIAN DEITY WITH ANKH,4,7
GRID OF ANIMALS AND LANDSCAPES,1,7
SHARK WEARING SUNGLASSES,3,7
KING CHARLES SPANIEL,3,7
BEAR IN FOREST AT SUNSET,3,7
GEOMETRIC FOX,4,7
SKULL CACTUS,5,7
CHEF WITH KNIFE,2,7
'SKULL' 'GUITAR' 'DRUMS',3,7
CAT WITH MUSTACHE AND FLYING SAUCERS,1,7
BONE AND PAW PRINT,3,7
SKULL WITH SUNGLASSES AND CAT EARS,2,7
FANTASY MUSHROOMS AND HOUSE,1,7
DARK CROSS WITH ROSES AND MOON,1,7
ILLUMINATED MUSHROOMS,1,7
PIXELATED GAME CONTROLLER,3,7
YELLOW MUSCLE CAR,3,7
DRAGON READING BOOKS,1,7
CLASSIC PICKUP TRUCK,1,7
AXOLOTL WITH HEARTS,3,7
CAT IN TUXEDO HOLDING BABY,3,7
FISHING BOAT WITH TWO PEOPLE AND FISH,3,7
CATS BEING ABDUCTED BY UFO,2,7
CROW ON BRANCH WITH FULL MOON,3,7
HEART WITH ENGLAND FLAG,3,7
ANGRY DOG,2,7
PUZZLE PIECE APPLE FIREWORKS,1,7
ITALIAN FLAG WITH CITYSCAPE,3,7
SKULL WEARING BANDANA AND HOODIE,2,7
INDIAN FLAG RIBBON,2,7
DACHSHUND HOLDING PAPER,3,7
ENGINE,2,7
CASSETTE TAPE WITH GUITAR,2,7
GOLDFISH WITH SHARK FIN HELMET,4,7
IRISH FLAG,4,7
SKULL WEARING TOP HAT WITH GEARS,4,7
SKULL WITH WINGS AND FLORAL PATTERNS,1,7
WINGS AND SKULL,2,7
LION AND CHILD EMBRACING,2,7
COCKER SPANIEL,4,7
COCKATOO,4,7
FOREST SILHOUETTE WITH BIRDS,1,7
TABLE TENNIS PADDLES AND BALL,2,7
ORNATE VIOLIN,1,7
T REX WEARING SANTA HAT,4,7
COW PLAYING UKULELE,3,7
KAYAK WITH PADDLE,3,7
TABLE FOOTBALL,2,7
BULGARIAN FLAG,3,7
CAT ILLUSTRATION,2,7
SILHOUETTE OF PERSON PADDLEBOARDING,3,7
TENTS IN A FOREST,1,7
CAMPER VAN WITH TREES AND MOUNTAINS,1,7
CUSTOM HOT RODS,2,7
BIRTHDAY CANDLES,1,7
SKULLS WITH BONES,1,7
TREE WITH HUMAN FIGURE,2,7
INJURED TEDDY BEAR HOLDING A KNIFE,1,7
SKULL WITH SCYTHE,5,7
AZTEC CALENDAR,3,7
FIST STAR EYE HAMMER AND SICKLE,2,7
DINOSAUR ILLUSTRATIONS,2,7
SMILEY FACE WITH TREES AND BIRDS,1,7
JESUS LIFTING WEIGHTS,2,7
CHARACTERS WITH WEAPONS,1,7
SMILEY FACE,3,7
AIRPLANES REINDEER TREES SUN,1,7
RUNNING FIGURE,3,7
SKULL WITH ROSES AND SCYTHE,1,7
ITALIAN FLAG WITH SKYLINE,1,7
CATS IN CHRISTMAS ATTIRE,3,7
GUITARIST PLAYING GUITAR,3,7
SKULL WITH CRICKET PLAYER,3,7
WOMAN CRYING ON PHONE,1,7
MOTORCYCLE WITH TARGET,2,7
PRAYING HANDS WITH MECHANICAL ELEMENTS,1,7
GREEN HAT SHAMROCK GLASSES MUSTACHE,1,7
FLOWER WITH LEAVES AND STARS,1,7
SCOOTER RIDER ON BEACH,2,7
TOOLS AND A SUNSET,1,7
'SNOOKER BALLS' 'BEER MUG' 'PENCIL',2,7
ST GEORGE SLAYING DRAGON,1,7
ANCIENT EGYPTIAN GOD WITH CANINE FEATURES,1,7
TWO HANDS HOLDING WHISKEY GLASSES,1,7
EAGLE HOLDING CAR PART,1,7
FLAME WITH COAT OF ARMS,1,7
CROWN WITH CANDLE,2,7
SPANISH FLAG WITH COAT OF ARMS,1,7
ABSTRACT DESIGN WITH RED WHITE AND BLACK STRIPES,2,7
TUNISIAN FLAG WITH DISTRESSED EFFECT,2,7
COW GHOST,1,7
SLOVENIAN FLAG WITH MOUNTAIN PEAKS,1,7
ANUBIS WEARING A HEADDRESS,1,7
ALIEN SITTING ON BENCH,1,7
SLOTH FIGURES CROSSING ROAD,1,7
CAT HOLDING KNIFE,2,7
OWL AND FOX IN TREE,1,7
CHIBI CAT,1,7
NUCLEAR SYMBOL WITH ARROWS,1,7
AMERICAN FLAG WITH EAGLE,1,7
TAEKWONDO LOGO WITH SOUTH KOREAN FLAG,1,7
MAN HOLDING RUGBY BALL,1,7
LIONS AND CANNABIS LEAVES,1,6
SOUTH KOREAN FLAG WITH TAEKWONDO SYMBOL,2,6
TWO CHARACTERS FACING EACH OTHER IN A FIGHTING STANCE,1,6
MOTORCYCLE WITH CHECKERED FLAG,1,6
EYE WITH LIGHTNING BOLTS,1,6
MAN WITH SWORD RED MAPLE LEAF,1,6
SKULL WITH BEARD AND SUNGLASSES,1,6
BEARD,1,6
BOOTS,2,6
HELICOPTER PALM TREES SUN,1,6
SKULL WITH WINGS AND MOTORCYCLE PARTS,5,6
CAT SILHOUETTE,3,6
LEGO FIGURE HOLDING A SIGN,1,6
JOKER CHARACTER WITH A SMALL CLOWN FIGURE,1,6
RETRO GAMING CONSOLE AND CONTROLLERS,5,6
DOG SILHOUETTE,5,6
TWO GUINEA PIGS HUGGING,4,6
SANTA RIDING A T REX,4,6
MECHANICAL DRAGON,5,6
DUMBBELLS,3,6
TWO VIKINGS TOASTING,3,6
SKULL WITH WINGS AND ROSES,2,6
FLOWER WITH STARS,4,6
BLUE BUTTERFLY,3,6
POLICE UNIFORM WITH BADGE AND HANDCUFFS,3,6
DRAGON WITH MUSICAL NOTES,5,6
FROG WITH FLOWERS,4,6
MECHANICAL CRAB,3,6
SKELETON UNICORN,4,6
ENGINE WITH FLAMES,3,6
ELECTRIC GUITAR WITH FLAMES,3,6
TANK WITH BIRDS,3,6
BRAIN,6,6
STEAMPUNK BUTTERFLY,6,6
DAFFY DUCK,2,6
TURTLES WEARING SANTA HATS,3,6
SANTA CLAUS IN A FUTURISTIC SETTING,2,6
VALKNUT,2,6
SPIDER WEARING SANTA HAT,4,6
BOWLING BALL AND PINS,4,6
VEGETABLES,5,6
CATS ON MUSICAL STAFF,2,6
AMERICAN FLAG LIPS,5,6
FOX SAMURAI HOLDING A SWORD,4,6
SKULL WEARING DIVING GEAR,4,6
SKULL WEARING VIKING HELMET,4,6
PICKLES IN JARS,2,6
HORSE AND DOG,4,6
SKULL ON SKATEBOARD,4,6
CIGAR,5,6
ELEPHANT WITH BACKPACK,1,6
PIGEON WITH CROSSHAIR,3,6
SKULL WITH HOOD,4,6
BEAR IN ARMOR HOLDING SWORD,4,6
TWO FIGURES ONE WITH A MASK AND THE OTHER WITH A SUITCASE,1,6
DRAGON WITH WINGS SPREAD,2,6
TREE WITH DNA STRAND,4,6
DRAGON SILHOUETTE,4,6
SLOVAKIA FLAG WITH SHIELD,2,6
BLUE STAR WITH BLUE SPLASHES,3,6
ITALIAN FLAG WITH CLAW MARKS,4,6
SKULLS WITH ROSES AND KNIVES,1,6
LEBANESE FLAG WITH TREE,3,6
GREEK FLAG RIBBON,2,6
ALBANIAN FLAG,3,6
FLAG OF CYPRUS,2,6
NEW ZEALAND FLAG,4,6
BLACK CAT WITH ORANGE PAW PRINT,1,6
FISH SKELETON AND FISH,1,6
VINTAGE PICKUP TRUCK,4,6
TWO PEOPLE DANCING,4,6
CIRCLE WITH TRIANGLE,2,6
HEART,5,6
TATTOO GUN DRIPPING INK,1,6
MAP OF SCOTLAND WITH SCOTTISH FLAG,1,6
SHARKS,4,6
SCOOTER WITH UNION JACK,2,6
BUTTERFLY WITH PINK RIBBON,4,6
PINEAPPLE WITH BIKINI BOTTOM,4,6
SKULL RIDING MOTORCYCLE,5,6
CARROTS BROCCOLI PUMPKIN,2,6
BONE AND PAW PRINTS,3,6
BRICK WITH ARMS AND LEGS,3,6
SKULL WITH GLOWING BLUE EYES,3,6
MEDITATION POSE WITH CHAKRA,1,6
UNICORN WITH RAINBOW AND FLOWERS,5,6
FLAG WITH BIRD AND STARS,3,6
UNION JACK FIST,3,6
BLEEDING ROSE,4,6
OWLS,6,6
SKULL WITH COLORFUL CANDIES,3,6
MAN PERFORMING BRAZILIAN JIU JITSU,3,6
FLAMING DRAGON ON FLAG,1,6
COMPASS,4,6
MUSCULAR SANTA HOLDING BAG,1,6
CAT IN SUIT HOLDING ROSE,2,6
'CHAINSAW' 'AXE' 'GUN' 'KNIFE',1,6
CHIMPANZEES WITH HEADPHONES AND BOOMBOX,1,6
MOVIE PROJECTOR AND POPCORN,3,6
TRAIN WITH DASHBOARD,1,6
JESUS CATCHING A SOCCER BALL,3,6
SKIER PERFORMING A TRICK,4,6
CARTOON MUSICIANS,2,6
DJ PLAYING TURNTABLE,4,6
SCOOTER WITH TARGET DESIGN,1,6
COLORFUL MUSHROOMS,5,6
BIGFOOT SKIING,3,6
FISHING SCENE WITH FISH AND ROD,4,6
HUMAN EVOLUTION WITH BICYCLES,1,6
HOT DOG WITH GRILL AND BEER,1,6
BEER MUG AND WHEAT,1,6
AKITA SILHOUETTE,5,6
SKULLS IN ORNATE FRAME,1,6
FLAG WITH CLAWS,4,6
PSYCHEDELIC MUSHROOMS AND FLOWERS,3,6
BICYCLE WITH REINDEER ANTLERS,2,6
CATS IN STAR WARS COSTUMES,2,6
MOTORCYCLE WITH UNION JACK,4,6
STRONG WOMAN FLEXING MUSCLES,3,6
CROWS CASTLE MOON,2,6
GEOMETRIC WOLF,4,6
FLAG WITH ARROWS,2,6
FULL MOON,5,6
PLANTS AND GARDEN TOOLS,3,6
BIRDS ON A BRANCH,5,6
MUSHROOMS IN A CRESCENT MOON,4,6
RED ROSES,2,6
CHOCOLATE BAR,2,6
DRONE WITH CAMERA,2,6
GOLDEN EAGLE WITH LAUREL WREATH AND ARROWS,1,6
SKELETON HOLDING COFFEE CUP,2,6
HEADPHONES WITH MUSIC NOTES,4,6
SNAKE WITH LEAVES,2,6
SKULLS AND BUTTERFLIES,3,6
WIZARD IN MOONLIT FOREST,1,6
CAMPING SCENE WITH TENT CAMPFIRE AND BEER,1,6
TREE WITH BIRDS,2,6
WOMAN FLEXING MUSCLES,3,6
RUBBER DUCK WITH SPIKED COLLAR AND CUFFS,1,6
TEDDY BEAR WITH KNIFE,2,6
CAPYBARA WEARING A SCARF,2,6
SOCCER BALL WITH ENGLAND FLAG,3,6
HEART WITH AMERICAN FLAG,5,6
SNOWBOARDER PERFORMING A TRICK,1,6
MECHANICAL LIZARD,4,6
ANATOMICAL HEART,4,6
BEARDED DRAGON WEARING SUNGLASSES,3,6
ICELAND FLAG WITH CLAW MARKS,3,6
FLAG WITH BIRD AND LEAVES,4,6
ALGERIAN FLAG,2,6
SOUTH AFRICAN FLAG WITH A BIRD,1,6
PARKOUR SILHOUETTES,2,6
CAT RELAXING WITH BOOKS AND TEA,3,6
HIPPIE SMOKING PEACE SIGN,2,6
OLD MAN PLAYING TABLE TENNIS,3,6
FLAG WITH CRESCENT AND STAR,5,6
SMILING EARTH WITH DANCING FIGURES,4,6
THE LAST SUPPER,2,6
BITCOIN COIN WITH SANTA HAT,2,6
HAMSTERS IN VARIOUS POSES,2,6
VIKING WARRIOR HOLDING HAMMER,3,6
SKULLS WITH GLOWING EYES,4,6
ASTRONAUT MEDITATING IN SPACE,3,6
GREEK FLAG WITH MUSCULAR CHEST,1,6
FLAG OF ENGLAND,1,6
SKULL WEARING CHEF'S HAT WITH CROSSED UTENSILS,2,6
HIGHLAND COW WEARING SANTA HAT,3,6
GUITAR WITH FOREST ILLUSTRATION,1,6
ORNATE SAXOPHONE,2,6
DRAGONFLY WITH FLORAL DESIGN,4,6
FLAMINGO HEAD,1,6
PUZZLE PIECES WITH FACES,3,6
STICK FIGURES ON A BICYCLE,1,6
VOODOO DOLL,5,6
DRUMMER RUNNING WITH DRUM SET,1,6
PUGS,1,6
LION AND WARRIOR,3,6
BEAR SITTING BY CAMPFIRE,4,6
CASSETTE TAPE WITH PENCIL,2,6
SKELETONS HOLDING A BONE,2,6
GRAFFITI STYLE SCRATCHES,4,6
YELLOW LILY WITH GREEN LEAVES,1,6
CELTIC CROSS IN A LANDSCAPE,2,6
FLAG WITH RASTA COLORS,2,6
SERBIAN COAT OF ARMS,2,6
BEAR HOLDING FOOD,1,6
'DOLPHIN' 'SUN' 'SHARK',2,6
CARTOON CYCLIST RIDING,3,6
AUTISM RIBBON AND PUZZLE PIECES,1,6
RAINBOW COWBOY HAT,4,6
TWO FIGHTERS IN A GRAPPLING POSITION,2,6
TWO FISTS POINTING,6,6
LEGO MINIFIGURE,2,6
CAN WITH FISHING HOOK,1,6
ANCIENT EGYPTIAN GOD'S HEAD,2,6
POTATO CHARACTER SITTING ON COUCH,2,6
YELLOW FISH IN A BOX,2,6
SKELETONS DANCING,1,6
BEAR AND LION,1,6
CROW PERCHED ON BRANCH WITH MOON AND CLOUDS,1,6
HEART WITH IRANIAN FLAG COLORS,2,6
VIKING AXE,2,6
VIOLIN,2,6
MAN IN PILOT'S UNIFORM,1,6
SKULL WEARING ORNATE HEADDRESS,2,6
HEART WITH DISTRESSED PATTERN,1,6
SHIH TZU HOLDING A LIGHTSABER,1,6
SCOOTER WITH SANTA HAT AND GIFTS,1,6
SANTA CLAUS AND REINDEER ON A MOTORCYCLE,1,6
TRUCK PULLING CAMPER,1,6
TREE WITH DNA STRANDS,1,6
PIXELATED DINOSAUR,1,6
SKELETON HOLDING PERSON IN CAGE,1,6
FIST INSIDE BARCODE,1,6
DONUT ON TOP OF TRUCK WITH MOTORCYCLES,1,6
HOT DOG CHEF HOLDING BEER AND GRILL,1,6
POLICE OFFICER GIRL CAT,2,6
EYES WITH HORNS,1,6
PAW PRINT WITH DOG ICONS,1,6
RED CROSS IN FLAMES,1,6
CLOWN HEAD UNDERWATER,1,6
AMERICAN FLAG WITH SOLDIERS,1,6
IRAQ FLAG WITH DISTRESSED EFFECT,1,6
YARN BALLS WITH HOOKS,2,6
CUBAN FLAG WITH CLAW MARKS,1,6
BOXING RING WITH FISTS,1,6
CROW MOON SKULL CANDLE GRAVESTONES,1,6
WITCH PUMPKINS HAUNTED HOUSE FULL MOON,1,6
EAGLE WITH MOTORCYCLE,1,6
PANDA HOLDING CLOTH,1,6
'MAN' 'WOMAN' 'ARCHER',1,6
MAN KICKING TIGER,1,6
SKULL WITH BIRDS,2,6
'BILLIARD BALLS' 'BEER MUG' 'PENCIL',2,6
MAN STANDING NEXT TO A TRUCK,2,6
FANTASY CREATURE WITH STAFF,1,6
NATIVE AMERICAN CHIEF WITH COLORFUL FEATHERS,1,6
VOODOO DOLL WITH BUTTON EYE AND NEEDLE,1,6
EAGLE AND FLAG,1,6
MELTING VINYL RECORD,1,6
CYCLIST FALLING,1,6
TWO PEOPLE ON MOTORCYCLES,2,6
HANDS HOLDING A BALL,1,6
SILHOUETTE OF MAN AND CHILD,1,6
UNION JACK LIPS,2,6
HORSE WITH HUMAN LIKE FACE,1,6
SHEEP COW PIG,1,6
MAN HOLDING GREEN BEER,1,6
FOREST SILHOUETTE WITH BEAR,1,6
COLORFUL MARIJUANA LEAF,1,6
EYE WITH BLOOD CHILD WITH TEDDY BEAR PEOPLE FLAGS,1,6
RED FIST WITH BLOOD DRIPPING,1,6
MAN WITH AVIATOR HELMET,1,5
SKULL WEARING AVIATOR GOGGLES WITH WINGS,1,5
TWO PEOPLE PRACTICING KARATE,1,5
FIST AND STARS,1,5
PEACE SIGN WITH CHRISTMAS DECORATIONS,2,5
HUMAN EVOLUTION TO MOTOCROSS RIDER,2,5
MICROPHONE WITH TREE ROOTS,1,5
SHARK JAWS,1,5
BULLDOG WEARING GOGGLES AND HELMET WITH PISTONS,1,5
SKULL WITH MOHAWK AND MOTORCYCLE,1,5
GRIM REAPER WITH BOXING GLOVES,3,5
SKULL WITH CROWN OF THORNS,3,5
COLORFUL BEAR,1,5
CAR WITH PALM TREES,1,5
ITALIAN FLAG IN A HAND GESTURE,1,5
CAT WEARING SUNGLASSES,5,5
AMERICAN HOT ROD,3,5
GRENADE WITH FLOWERS,1,5
SKULL WITH CELTIC KNOT,3,5
CLOVER,4,5
MUSCULAR SANTA WITH BAG,3,5
ALIEN IN UFO,3,5
DJ PLAYING VINYL RECORDS,3,5
ANIME GIRL,2,5
BOOMBOX,3,5
SPARK PLUG,2,5
SAD EARTH WITH SMOKE AND DESTRUCTION,1,5
DIRT BIKE RIDER PERFORMING A WHEELIE,3,5
ANCIENT EGYPTIAN DEITY,3,5
SLOTH RIDING A BICYCLE,3,5
GUITARIST EVOLUTION,4,5
CHAMELEON WITH MECHANICAL PARTS,1,5
MOTORBIKE SILHOUETTE,1,5
WOLF HOWLING,2,5
VINTAGE CAR,3,5
SPADE CARD,3,5
PUG HOLDING CLAPPERBOARD,3,5
COLORFUL HEDGEHOG,2,5
COLORFUL SKULL,3,5
SKULL WITH FLORAL CROWN,4,5
LION WEARING GLASSES,2,5
TATTOOED SANTA,3,5
SANTA RIDING A DINOSAUR,3,5
FLAG WITH HANDS TEARING THROUGH,1,5
CARTOON CHARACTERS,4,5
STEAMPUNK FISH,5,5
STEAMPUNK VEHICLE,3,5
BIGFOOT PLAYING GUITAR,3,5
SKELETON RIDING A BIKE,4,5
LABRADOR RETRIEVER,4,5
DIVING MASK,3,5
SKELETON HOLDING A TORCH,1,5
MOTHMAN CREATURE,3,5
MUSCULAR GORILLA,2,5
MONEY FALLING,2,5
DRAGON SLAYER,3,5
PLAYING CARDS AND DICE WITH SKULL,2,5
UFO FLYING OVER LANDSCAPE,3,5
YIN YANG WITH OCTOPUS,2,5
SKULL WITH SCOTTISH FLAG,2,5
SNOWBOARDER JUMPING,5,5
HOCKEY RINK DIAGRAM,2,5
OWL READING BOOK,4,5
OCTOPUS WITH MOUNTAIN AND DIVER,1,5
HOCKEY PLAYER,4,5
CANNABIS BUDS,3,5
SUDAN FLAG,2,5
ABSTRACT CIRCULAR PATTERN WITH WAVES,4,5
HAITIAN FLAG WITH CLAW MARKS,2,5
OCTOPUS RIDING A BICYCLE,3,5
HEADPHONES WITH FOREST LANDSCAPE,3,5
MEXICAN FLAG WITH EAGLE,4,5
CAR WITH SMOKE AND BOW,3,5
SAUDI ARABIA FLAG,3,5
EGYPTIAN FLAG WITH CLAW MARKS,3,5
CUBAN FLAG WITH DISTRESSED EFFECT,3,5
NAMIBIAN FLAG,2,5
DEER WITH AMERICAN FLAG,3,5
GUYANA FLAG DESIGN,3,5
FLAG WITH THREE COLORS,3,5
CHRISTMAS THEMED PIXEL ART,1,5
SKULL AND GUITAR,2,5
BEARDED CAT WITH UFOS,2,5
TWO PITBULLS,2,5
HUMAN FIGURE WITH TREE BRANCHES,4,5
DOG WEARING A BANDANA,3,5
SOCCER BALL BREAKING THROUGH WALL,4,5
SLEEPING SLOTH,2,5
HIPPOPOTAMUS,3,5
SKULL WITH WRENCHES AND CHECKERED FLAGS,1,5
MOTH WITH SKULL HEAD,4,5
FIST WITH WRENCHES,3,5
SANTA SURFING WITH REINDEER,4,5
SKULLS GUITAR ROSE MICROPHONE,1,5
GREEN T REX,5,5
UNION JACK FINGERPRINT,4,5
SKULL WITH INTRICATE PATTERNS,5,5
FLAG WITH MUSCULAR CHEST,4,5
HAND HOLDING BEER MUG,3,5
CRAYON,3,5
SKULL WITH WINGS AND UNION JACK,2,5
SKULL WITH PINEAPPLE CROWN,3,5
BADGER SKELETON,3,5
ENGLISH BULLDOG,4,5
CAT WEARING TIE,2,5
VEGETABLES LIFTING WEIGHTS,2,5
KNIGHT HOLDING SHIELD AND FLAG,3,5
GOLDEN DRAGON,3,5
SKULL IN HOOD,3,5
FLAG WITH CROSS AND BIRD,1,5
SOCCER BALL WITH FLAG,2,5
BEER MUG WITH FACE,3,5
FLAG OF HAITI,3,5
TWO CATS ONE STANDING ON THE OTHER,3,5
FLAMING PHOENIX,5,5
SEA CREATURES,3,5
WOMAN SITTING ON 8 BALL,2,5
TIGER WARRIOR WITH SWORDS,4,5
PSYCHEDELIC MUSHROOM,3,5
DANISH FLAG WITH CLAW MARKS,4,5
GRIM REAPER RIDING TRICYCLE,2,5
SPATULA,4,5
COLORFUL DOG,2,5
OCTOPUS WITH SKULL,1,5
PERSON WITH LONG HAIR,1,5
CHESS PIECES IN A BARCODE,1,5
BIKER ON HILL,3,5
TREE WITH DNA STRUCTURE,1,5
SMILEY FACE WITH HEADPHONES,4,5
RUGBY PLAYER,5,5
CASSETTE TAPE WITH LEGS AND WALKER,3,5
TURBOCHARGER,3,5
UNION JACK FLAG WITH RED CROSS,1,5
AMERICAN FLAG IN A HEART SHAPE,1,5
CLASSIC HOT ROD CAR,3,5
SKULL WITH FLORAL DECORATIONS,2,5
ASTRONAUT HOLDING A SPACE SUIT,1,5
CHRISTMAS THEMED ILLUSTRATIONS,1,5
SKULL WITH CROWN,4,5
MUSHROOM WITH FLOWERS AND MOONS,3,5
SITTING CAT,3,5
HEART WITH SEA CREATURES,4,5
ITALIAN FLAG,3,5
PHILIPPINE FLAG,4,5
DOG WEARING A SCARF,2,5
ALIEN HOLDING A DRINK,1,5
WIZARD HOLDING A GLOWING ORB,2,5
YELLOW CLASSIC CAR,4,5
AIRCRAFT CARRIER,3,5
PERSON SNOWBOARDING,3,5
OUIJA BOARD,3,5
CUSTOM MOTORCYCLE,3,5
ANGELFISH,2,5
ANIME GIRL HOLDING A GUN,5,5
RABBIT AND SANTA CLAUS,3,5
RED GAME CONTROLLER,2,5
FLOWER MANDALA,2,5
TIGER WITH MECHANICAL ELEMENTS,1,5
ANVIL WITH HAMMER AND FIRE,3,5
TWO FIGHTERS IN A MIXED MARTIAL ARTS SCENE,4,5
HANDS HOLDING A TREE,1,5
EVOLUTION OF MAN WITH METAL DETECTOR,2,5
GUITAR SILHOUETTE WITH REFLECTION,3,5
TWO THUMBS POINTING UP,5,5
PIGEON WITH SMOKE,2,5
WOMAN WITH SWORD AND SHIELD,4,5
AMERICAN FLAG WITH PINK RIBBONS,3,5
RAINBOW WITH STARS,3,5
WOMAN HOLDING BEER AND BASKETBALL,2,5
EYE WITH TRIANGLE AND FLAMES,1,5
DRAGON WITH ROSES,2,5
ARMORED WARRIOR WITH SWORDS,1,5
RAINBOW FISTS,1,5
MOTORCYCLE RIDER DOING A WHEELIE,2,5
DIABETES AWARENESS RIBBON,1,5
SANTA CLAUS WITH SUNGLASSES,3,5
ELF WITH SANTA HAT,1,5
PUPPY,5,5
CHILDREN ON BIKES AND A MOTORCYCLE,2,5
BEAR MOUNTAINS TREES,1,5
BIKER PERFORMING A TAILWHIP,2,5
JESTER MASK WITH STARS,4,5
DINOSAUR SKELETON,4,5
HORSE HEAD WITH FLORAL WREATH,2,5
NAIL SCRATCHES,2,5
ANGOLA FLAG WITH TORN EFFECT,3,5
CELTIC KNOT DESIGN,3,5
FLAG WITH CURVED LINES,2,5
ROSE WITH LEAVES,3,5
MOTORCYCLE RIDER WITH SKULL HELMET,2,5
TORII GATE AT SUNSET,4,5
HIKER WITH BACKPACK,2,5
LOTUS FLOWER WITH DRIPPING EFFECT,2,5
MOTHMAN,4,5
FLAG WITH SWORD,2,5
HEADPHONES AND MUSICAL NOTES,2,5
WALRUS,3,5
SPANISH FLAG RIBBON,2,5
WOMBAT,3,5
MELTING RUBIK'S CUBE,1,5
FLAG WITH EMBLEM,3,5
COLORFUL DOG WEARING SUNGLASSES,2,5
DOLPHIN JUMPING,4,5
MERMAID WITH HORNS,1,5
FOX WITH RAINBOW,3,5
KIWI BIRD,3,5
SAMURAI AND CHILD HOLDING HANDS,2,5
ANGRY DOG WITH HORNS,1,5
CAT ON TOP OF BUILDING,2,5
SKULL WITH WRENCHES,3,5
PIXELATED CANNABIS LEAF,2,5
LION WITH INTRICATE PATTERNS,2,5
ANGRY CAT,4,5
BEE WITH FLORAL WINGS,2,5
BICYCLE RIDER FALLING,3,5
MATHEMATICAL EQUATIONS AND DIAGRAMS,2,5
CARTOON UNICORN,2,5
WOMAN WITH RED FLOWERS AND BATS,1,5
MUSCULAR MAN WITH KETTLEBELLS AND DUMBBELLS,1,5
TREE WITH ROOTS,3,5
LEPRECHAUN WITH HAT AND BEARD,3,5
SANTA HOLDING A FISH,3,5
FLAG WITH EAGLE,2,5
COLORFUL BEAR HOLDING A DRINK,3,5
SKULL WEARING MOTORCYCLE HELMET,1,5
SKIER FALLING,1,5
ELEPHANT WITH SUNFLOWERS AND PUZZLE PIECES,2,5
GNOMES,3,5
SKULL WITH OPEN MOUTH,2,5
STEAMPUNK CAMERA,3,5
PIT BULL,4,5
HEART WITH DRAGON,2,5
FISH WITH CAMERA BODY,3,5
PHASES OF THE MOON,3,5
ABSTRACT CIRCULAR PATTERN WITH MOUNTAIN LIKE SHAPES,2,5
FART CLOUD WITH CROWN,1,5
BEAR IN A FOREST,2,5
TRACTOR AND SUNFLOWERS,3,5
ALIEN EATING MUSHROOMS,1,5
BEARDED DRAGON WITH WHEEL,1,5
GOLDEN SKULL WITH HEADPHONES,1,5
FOX LIKE CHARACTER WITH SWORD,2,5
DARK BEER GLASS,3,5
VIKING WARRIOR WITH SKULL,1,5
MEDITATING PERSON WITH GEOMETRIC PATTERN,1,5
MAN WITH TEDDY BEAR IN PENTAGRAM,2,5
MOON WITH FEATHERS AND HERBS,2,5
CARTOON OF DONALD TRUMP,3,5
RED CROSS ON CHAINMAIL,2,5
KNIGHT ON HORSEBACK WITH SPEAR,3,5
CROSSED HORNS,2,5
WOMAN WITH SKULL TATTOO,2,5
GUITAR YIN YANG,3,5
BEER MUG WITH GERMAN FLAG,2,5
ROMAN HELMET WITH RED CLOTH,1,5
CAT WITH SCREAM EXPRESSION,2,5
TWO HANDS POINTING UP,2,5
CROSS WITH SWORD AND GAUNTLET,1,5
MOTORCYCLE IN MOTION,1,5
TIGER BOXING,1,5
MUSCULAR OLD MAN WITH KETTLEBELL AND DUMBBELLS,1,5
COLORFUL SLOTH HANGING,1,5
SUNSET WITH CITYSCAPE,1,5
PIG WEARING SANTA HAT,4,5
CHRISTMAS TREE WITH SOCCER BALLS,2,5
BEER MUGS,3,5
KNOT DESIGN,3,5
BIGFOOT WALKING A SMALL DOG,1,5
LION STANDING ON A ROCK WITH A COSMIC BACKGROUND,3,5
CHAIN WITH TRIANGLE,1,5
TWO DRAGONS WITH A HEART,1,5
SILHOUETTE OF PERSON THROWING BALL,2,5
WOLF WITH FLOWERS,2,5
SKULL WITH SKATEBOARD,4,5
AUDIO EQUIPMENT,2,5
FINGERS POINTING,5,5
HANDS HOLDING A GALAXY,1,5
NERDY GIRL IN ORANGE SHIRT,1,5
8 BALL AND 9 BALL POOL BALLS,2,5
MUGS WITH HEART SHAPED HANDLES,1,5
MAN SITTING IN CHAIR,1,5
SEAGULL WEARING A SANTA HAT,1,5
HAND WITH ROCK SIGN WEARING SANTA HAT,1,5
SNAIL WITH RECORD PLAYER,1,5
PINT OF BEER WITH RAINBOW,1,5
COLORFUL FIGURES WITH CAMERAS,1,5
CAMERA WITH STRAP,4,5
ALIEN WITH BANDANA AND TATTOOS,1,5
RED SCOOTER,1,5
MAN WITH AVIATOR GOGGLES,1,5
DRUM SET HEARTBEAT,2,5
GUN ON TARGET,1,5
ASTRONAUT FLOATING WITH PLANETS AS BALLOONS,1,5
CRICKET PLAYER BATTING,1,5
BEAR WEARING HOODIE AND CHAINS,1,5
ZIMBABWE FLAG WITH FIST,1,5
TEST TUBES WITH LIQUID,1,5
CHESS PIECES IN ACTION,2,5
UFO WITH GREEN BEAM,1,5
TURKISH FLAG WITH CLAW MARKS,2,5
BEE WITH GOGGLES,1,5
TIGER WITH DRIPPING PAINT EFFECT,2,5
PUG WITH REINDEER ANTLERS AND CHRISTMAS LIGHTS,3,5
EYE WITH TRIANGLE AND BRANCHES,2,5
WOMAN WITH LONG HAIR,1,5
SKULL WITH SNAKE,1,5
SKELETON LIFTING WEIGHTS,1,5
JACK SKELLINGTON ON IRON THRONE,1,5
TENNIS BALL WITH HEARTBEAT,2,5
FIST AND HAMMER SICKLE,1,5
MOLDOVAN FLAG WITH EAGLE,1,5
SUNSET WITH SILHOUETTES OF PEOPLE AND TOOLS,1,5
FAT MAN IN DIAPER,1,5
KENYAN FLAG WITH ARROWS,1,5
SWORD WITH WINGS,3,5
VALKNUT WITH CELTIC KNOT,1,5
UFO OVER FOREST,1,5
CAT HUGGING MOON,1,5
SAILBOAT IN FOREST,1,5
SPARTAN WARRIOR WITH SHIELD,1,5
CRYPTOCURRENCY COINS WITH CITYSCAPE BACKGROUND,2,5
MECHANICAL RACCOON,1,5
CATS IN CLOAKS AROUND A PENTAGRAM WITH A SKULL,1,5
'BURGER' 'FISH',2,5
LIPS HOLDING A GALAXY,1,5
THREE MUGS OF BEER WITH FOAM SHAMROCK AND LEPRECHAUN HAT,1,5
ITALIAN FLAG WITH MUSCULAR CHEST,1,5
PERSON PADDLING CANOE,1,5
PUNISHER SKULL WITH UNION JACK FLAG,1,5
OWL WITH WINGS SPREAD,1,5
SKELETONS,4,4
STAR WITH 'RAF' IN THE CENTER,1,4
INDIAN FLAG WITH LOTUS FLOWER,1,4
ASTRONAUT ON DIRT BIKE,1,4
BRAZILIAN FLAG IN A CLAW,1,4
SPARTAN HELMET WITH RED MOHAWK,3,4
HOWLING WOLF,3,4
TWO THUMBS POINTING AT EACH OTHER,1,4
NINJAGO EYES,1,4
MUSCULAR ARM BURSTING THROUGH FABRIC,2,4
FRENCH FLAG WITH MUSCULAR CHEST,3,4
SKULL WITH YELLOW EYES AND CROSSED BACON,2,4
POTATOES BOXING WITH FRIES,1,4
PALM TREES AND SCUBA TANKS,1,4
EYE WITH GREEN IRIS,4,4
BARBELL WITH SPARTAN HELMET,1,4
CAMERA WITH BIRD,2,4
CRICKET BAT AND BALL,3,4
COFFEE CUP,3,4
YIN YANG WITH CAT AND DOG,2,4
BIPLANE,4,4
GREEN DRAGON HOLDING COFFEE,2,4
VIKING WITH HORNED HELMET,2,4
CHRISTMAS TREE WITH FITNESS ELEMENTS,4,4
CHRISTMAS TREE WITH WINE GLASSES,2,4
PACHINKO MACHINE,3,4
KNIGHT ON HORSEBACK FIGHTING DRAGON,2,4
SKULL WITH PUNK ATTIRE,2,4
MAN IN SUIT WITH SANTA HAT,4,4
PABLO ESCOBAR,2,4
SKULL WEARING HELMET WITH WRENCHES,2,4
DINOSAUR WITH KNIFE,1,4
MAP COMPASS PASSPORT TELESCOPE,3,4
SPACE SUIT,2,4
STEAMPUNK RHINO,2,4
FLAMING EAGLE ON SHIELD,2,4
DIVER IN UNDERWATER SCENE,2,4
SKATEBOARD WITH SKULL AND KNIFE,2,4
ASTRONAUT HOLDING A GUN,1,4
GUITARS WITH FLAGS AND WINGS,2,4
HEART HOLDING BASKETBALL,3,4
SPARTAN WARRIOR WITH SPEAR,1,4
COLORFUL FERRET,3,4
T REX CARTOON,3,4
SKULL WEARING SANTA HAT AND SUNGLASSES,3,4
SKULL WITH WINGS AND CROSS,2,4
YORKSHIRE TERRIER WEARING A SANTA HAT,4,4
PERSON WITH UNION JACK HAIR,2,4
CTHULHU ILLUSTRATION,1,4
SEAGULL WEARING SANTA HAT,1,4
FIGHTER IN FIGHTING STANCE,1,4
DESERT LANDSCAPE WITH CACTI AND ROCK FORMATIONS,1,4
BAT LIKE CREATURE WITH RED EYES,1,4
WOMAN WITH LONG HAIR AND FUR,4,4
THREE HELMETS WITH SWORDS AND LAUREL WREATH,2,4
WOMAN ROCK CLIMBING,3,4
AFRICAN ANIMALS AND MAP,3,4
SHARKS IN THE OCEAN,3,4
VIKING WARRIOR WITH SWORD AND RAVEN,2,4
HUMAN EVOLUTION WITH BOXING,1,4
DRAGON AND RABBIT,2,4
CARTOON DUCK GIVING THE MIDDLE FINGER,1,4
DRAGON WITH LANDSCAPE,3,4
GEISHA WITH FLORAL HAIR,4,4
FISH JUMPING WITH LURE,2,4
DRAGON EMERGING FROM WATER,2,4
RED MUSCLE CAR WITH AMERICAN FLAG,3,4
MONSTER BEE,2,4
HANDS IN A CIRCLE,3,4
CROSSED CIGARS,4,4
SKELETON COUPLE WITH FLOWERS,2,4
ROSES AND CROSS,3,4
PILE OF MONEY,2,4
TWO SAMURAI WARRIORS,3,4
'COW' 'PIG' 'CHICKEN' 'SHEEP' 'GOAT',3,4
COLORFUL DOG PORTRAIT,4,4
HORSE WITH AMERICAN FLAG,3,4
TENT IN FOREST,3,4
EARTH,3,4
GRIM REAPER RIDING HORSE WITH SCYTHE,2,4
SKULL WITH RED CROSS,2,4
MOUNTAIN HEARTBEAT,1,4
MAN WITH STICK AND DOG,1,4
DNA STRAND,2,4
SEWING MACHINE,2,4
CORGI SLEEPING,3,4
HAWK PERCHED ON GLOVED HAND,2,4
NEW ZEALAND FLAG WITH CLAW MARKS,3,4
SWEDISH FLAG WITH DISTRESSED EFFECT,2,4
SOUTH KOREAN FLAG,4,4
EU FLAG WITH CLAW MARKS,1,4
BEES AND FLOWERS,3,4
CONSTRUCTION TOOLS,2,4
SEAHORSE,3,4
GRID OF VINYL RECORDS,2,4
BEETLE,2,4
COAT OF ARMS WITH CANADIAN FLAG,1,4
SKULL WITH BUTTERFLY WINGS,3,4
SKELETON SWORD WITH ROSES,2,4
PORCUPINE,3,4
BEARDED DRAGON FIST BUMPING HAND,3,4
COW SILHOUETTE,3,4
